act,scene,char,eng,thai,isLyric,remark
1,1,ซาร่า,A long time ago,กาลครั้งหนึ่งนานมาแล้ว,FALSE,
,,ซาร่า,"there lived a beautiful princess, in a mystical land known as India.",ณ ดินแดนพิศวงนามว่า อินเดีย มีเจ้าหญิงโฉมงามอาศัยอยู่,FALSE,
,,ซาร่า,She was married to the righteous Prince Rama,เธอได้แต่งงานกับพระรามผู้เป็นตัวแทนแห่งธรรมะ,FALSE,
,,ซาร่า,who was banished to the enchanted forest,และถูกเนรเทศไปยังป่าต้องมนต์,FALSE,
,,ซาร่า,"by his envious stepmother, Queen Kaikeyi.",โดยแม่เลี้ยงขี้อิจฉา ไกเกยี,FALSE,
,,ซาร่า,"One day, Princess Sita saw a wounded deer in the woods",วันหนึ่ง เจ้าหญิงสีดาพบกวางที่บาดเจ็บอยู่ในป่า,FALSE,
,,ซาร่า,and begged Rama to help it.,และขอร้องให้พระรามช่วย,FALSE,
,,ซาร่า,Rama drew a circle on the ground and said to her,พระรามได้สร้างวงแหวนเวทบนพื้นและบอกแก่สีดาว่า,FALSE,
,,พระราม,"Do not cross the boundary, my love",ห้ามออกมาจากวงแหวนนี่เด็ดขาดนะ ที่รักของข้า,FALSE,
,,พระราม,Keep to the rule that protects you,มันจะช่วยปกป้องเจ้าจากภัยทั้งปวง,FALSE,
,,ซาร่า,"That night, the princess heard a horrible cry.",ในคืนนั้นสีดาได้ยินเสียงร้องไห้,FALSE,
,,ทศกันฐ์,Help me!,ช่วยข้าด้วย,FALSE,
,,ซาร่า,Thinking it was her beloved Rama in danger,และคิดไปว่าเสียงนั้นคือพระรามผู้เป็นที่รัก,FALSE,
,,ซาร่า,the princess ran out of the circle to answer the cry.,เธอวิ่งออกมาจากวงแหวนเพื่อไปตามเสียงร้อง,FALSE,
,,ซาร่า,She soon came across an old beggar man,ไม่นานนักเธอได้ไปเจอเข้ากับชายชราขอทานผู้หนึ่ง,FALSE,
,,ซาร่า,Although she had no money to give him,แม้ว่าเธอจะไม่มีเงินที่จะให้เขา,FALSE,
,,ซาร่า,she could not refuse his plea.,เธอก็ไม่อาจปฏิเสธคำขอของเขาได้,FALSE,
,,ซาร่า,As soon as he had the bracelet,ทันทีที่เธอยื่นกำไลข้อมือให้,FALSE,
,,ซาร่า,"he transformed into the 10-headed demon, Ravana.",เขาก็แปลงร่างเป็นยักษ์ที่มี 10 เศียร นามว่าทศกันฐ์,FALSE,
,,ซาร่า,He grabs her and takes her to his palace to make her his bride.,ทัศกันฐ์จับเธอไป และทำให้เธอกลายเป็นเจ้าสาวของเขา,FALSE,
,,ซาร่า,"Have you ever known a real prince, Miss Maya?",คุณรู้เรื่องเกี่ยวกับเจ้าชายจริงๆมั้ย มายา ?,FALSE,
,,พี่เลี้ยงซาร่า,"Yes, I have. Laki’s father",ฉันรู้สิ พ่อของลากิไงละ,FALSE,
,,เพื่อนซาร่า,Isn’t he in the army?,ตอนนี้เขาอยู่ที่กองทัพไม่ใช่หรึไง?,FALSE,
,,พี่เลี้ยงซาร่า,"He is. He is my prince. And I, his princess.",ใช่ เขาเป็นเจ้าชาย และฉันก็เป็นเจ้าหญิงของเขา,FALSE,
,,ซาร่า,But I mean real princes and princesses.,แต่ฉันหมายถึงเจ้าชายและเจ้าหญิงจริงๆนะ,FALSE,
,,พระราม,A principle becomes a crown when upheld in conduct.,มงกุฎจะมีค่าก็ต่อเมื่อได้รับความเคารพ,FALSE,
,,ทศกันฐ์,And a crown becomes a toy,แต่มงกุฎนั้นก็จะกลายเป็นเพียงของเล่น,FALSE,
,,ทศกันฐ์,when the world looks.,เมื่อผู้คนมองมา,FALSE,
,,ทศกันฐ์,Shine for them.,จงเปล่งประกายเพื่อพวกเขา,FALSE,
,,สีดา,"Shine for love, not for eyes.",จงเปล่งประกายเพื่อความรัก มิใช่เพื่อภาพลักษณ์,FALSE,
,2,กัปตันครูว์,I will miss it here.,ฉันคงจะคิดถึงที่นี่,FALSE,
,,กัปตันครูว์,India is the only place that stirs the imagination.,อินเดียเป็นที่เดียวบนโลกที่ส่งเสริมจินตนาการ,FALSE,
,,ซาร่า,I wish we could stay here forever.,หนูอยากอยู่ที่นี่ตลอดไป,FALSE,
,,กัปตันครูว์,"I know, sweetheart.",พ่อรู้จ่ะ ลูกรัก,FALSE,
,,กัปตันครูว์,"But now that England's at war, I must go too.",แต่ตอนนี้อังกฤษอยู่ในภาวะสงคราม พ่อต้องไปร่วมรบ,FALSE,
,,กัปตันครูว์,"You understand, don't you?",ลูกเข้าใจพ่อใช่ไหม ?,FALSE,
,,สีดา,Let love be brave.,ให้ความรักแข็งแกร่งเถิด,FALSE,
,,พระราม,War demands patience; accept the safer path.,การรบนั้นต้องใช้ความมานะ จงรับหนทางที่ปลอดภัย,FALSE,
,,ทศกันฐ์,"Or defy the ship, defy the tide—keep what you want!",หรือจงกบฏและเจ้าจะได้ทุกอย่างที่ต้องการ,FALSE,
,,ซาร่า,But why must I go to England?,แล้วทำไมหนูถึงต้องไปด้วยหล่ะคะ ?,FALSE,
,,กัปตันครูว์,"Because it's safer,",เพราะมันปลอดภัยกว่าหน่ะลูก,FALSE,
,,กัปตันครูว์,and you’ll be going to the school your mother ,และลูกจะได้เข้าเรียนในโรงเรียนเดียวกันกับแม่,FALSE,
,,กัปตันครูว์,went to at your age.,ตอนเธออายุเท่าลูก,FALSE,
,,ซาร่า,And where is that?,มันคือที่ไหนหรอคะ ?,FALSE,
,,กัปตันครูว์,"The London Convent,",เดอะ ลอนดอน คอนแวนต์,FALSE,
,,กัปตันครูว์,the most prestigious all girls boarding school in all of Europe.,โรงเรียนหญิงล้วนชนชั้นสูงที่ดีที่สุดในยุโรป,FALSE,
,,กัปตันครูว์,"You’ll learn so much stuff there,",ลูกจะได้เรียนรู้หลายอย่างจากที่นั่น,FALSE,
,,กัปตันครูว์,and make a lot of new friends with girls such as yourself.,และหาเพื่อนได้อีกมากมายด้วย,FALSE,
,,ซาร่า,"Papa, the nanny told me that all girls are princesses.",พ่อคะ พี่เลี้ยงบอกหนูว่าเด็กผู้หญิงทุกคนคือเจ้าหญิง,FALSE,
,,กัปตันครูว์,She is a very wise nanny.,เธอเป็นพี่เลี้ยงที่ปากหวานมาก,FALSE,
,,ซาร่า,So it's true?,ถ้าแบบนั้นมันคือเรื่องจริงใช่ไหมคะพ่อ,FALSE,
,,กัปตันครูว์,"You can be anything you want to be,",ลูกสามารถเป็นได้ทุกอย่างที่อยากเป็น,FALSE,
,,กัปตันครูว์,as long as you believe.,ตราบใดที่ลูกเชื่อมั่นในตัวเอง,FALSE,
,,พระราม,Belief is a compass when joined with action.,ความเชื่อจะนำทางเมื่อกระทำดี,FALSE,
,,สีดา,And a flame when fed by kindness.,และจะเป็นไฟสู้เมื่ออารีย์,FALSE,
,,ทศกันฐ์,And a door to every forbidden room.,และเป็นประตูวิเศษที่เปิดได้ทุกอย่างอีกด้วย,FALSE,
,,ซาร่า,What do you believe?,แล้วพ่อเชื่อในอะไรหรอคะ,FALSE,
,,กัปตันครูว์,"I believe that you are, and always will be,",พ่อเชื่อว่า หนูเป็นและจะเป็น,FALSE,
,,กัปตันครูว์,my little princess.,เจ้าหญิงน้อยของพ่อตลอดไป,FALSE,
,,กัปตันครูว์,I gave this to your mother on our wedding day.,พ่อให้สิ่งนี้กับแม่ในวันแต่งงานของเรา,FALSE,
,,กัปตันครูว์,I want you to have it.,และตอนนี้พ่ออยากมอบมันให้ลูก,FALSE,
,,ซาร่า,She was so beautiful…,แม่ของหนูสวยมาก,FALSE,
,,ซาร่า,What did you love most about her?,พ่อหลงรักอะไรในตัวแม่หรอคะ,FALSE,
,,กัปตันครูว์,That’s a difficult question…,นั่นเป็นคำถามที่ตอบยากมากเลยนะ,FALSE,
,,กัปตันครูว์,I loved the way her eyes lit up when she laughed.,พ่อหลงรักแววตาของแม่ที่ส่องประกายทุกครั้งที่เธอหัวเราะ,FALSE,
,,กัปตันครูว์,Just like yours do.,เหมือนกับแววตาของลูก,FALSE,
,,กัปตันครูว์,I loved the sound of her voice when she sang to me.,พ่อหลงรักน้ำเสียงของแม่ตอนที่เธอร้องเพลง,FALSE,
,,กัปตันครูว์,"But I think, more than anything else.",แต่เหนือสิ่งอื่นใด,FALSE,
,,กัปตันครูว์,I loved how brave and adventurous she was.,ความกล้าหาญของแม่ คือสิ่งที่พ่อหลงรักมากที่สุด,FALSE,
,,สีดา,Keep the dance inside your steps.,จงรักษาไว้ซึ่งความงาม,FALSE,
,,พระราม,Keep the promise.,จงรักษาไว้ซึ่งคำมั่น,FALSE,
,,ทศกันฐ์,"Keep the jewels, too.",และแก้วแหวนเงินทองด้วย,FALSE,
,3,อมิเลีย,Hello! You must be Captain Crewe.,สวัสดีค่ะ คุณคงจะเป็นกัปตันครูว์,FALSE,
,,อมิเลีย,My sister will be down promptly.,พี่สาวของฉันกำลังลงมา,FALSE,
,,อมิเลีย,We were just preparing the young lady's room,พวกเราเพิ่งจะเตรียมห้องให้แก่เลดี้,FALSE,
,,อมิเลีย,as her things had just arrived this morning.,สัมภาระของเธอเพิ่งจะมาถึงเช้านี้ค่ะ,FALSE,
,,กัปตันครูว์,"Thank you, miss...?",ขอบคุณครับคุณ ?,FALSE,
,,อมิเลีย,Amelia. Amelia Minchin.,อมิเลียค่ะ อมิเลีย มินชิน,FALSE,
,,กัปตันครูว์,"Crewe, Captain Crew.",ผมครูว์ครับ กัปตันครูว์,FALSE,
,,อมิเลีย,Pleasure to meet you!,เป็นเกียรติที่ได้พบค่ะ,FALSE,
,,อมิเลีย,And this must be little Sara,และนี่คงเป็นหนูซาร่า,FALSE,
,,อมิเลีย,"My, what a beautiful child",ช่างเป็นเด็กที่งดงามจริงๆ,FALSE,
,,อมิเลีย,I was telling the Captain,ฉันกำลังแนะนำที่นี่ให้กัปตันอยู่ค่ะ,FALSE,
,,มินชิน,"Thank you, that'll be all.",ขอบคุณ เดี๋ยวฉันจัดการต่อเอง,FALSE,
,,มินชิน,Won't you follow me?,จะไม่ตามฉันมาหรอคะ,FALSE,
,,มินชิน,Classes begin sharply at 8 o’clock.,คาบเรียนแรกจะเริ่มตอน 8 โมงตรง,FALSE,
,,มินชิน,We cover all subjects,พวกเรามีวิชาหลากหลายไม่ว่าจะเป็น,FALSE,
,,มินชิน,"literature, maths, science, and of course, French.","วรรณกรรม, เลข, วิทยาศาสตร์ และแน่นอน ฝรั่งเศส",FALSE,
,,กัปตันครูว์,"Oh, Sara speaks fluent--",โอ้ ซาร่าสามารถพูดได้อย่างคล่อง--,FALSE,
,,มินชิน,Lunch service begins at half past one.,มื้อเที่ยงจะเริ่มให้บริการตอนบ่ายโมงครึ่ง,FALSE,
,,มินชิน,"Then, we take our daily walk",หลังจากนั้นพวกเราจะเดินออกกำลังกายประจำวัน,FALSE,
,,มินชิน,unless the weather is extremely violent.,เว้นแต่ว่าอากาศจะไม่ดีในวันนั้น,FALSE,
,,มินชิน,"At 4 o’clock, the girls attend etiquette classes.",ตอน 4 โมงเย็น สาวๆทุกคนจะเข้าอบรมวิชามารยาท,FALSE,
,,มินชิน,Study hall is from half past four to seven,ห้องสมุดจะเปิดให้เริ่มใช้ตอน 4 โมงครึ่งถึงหนึ่งทุ่ม,FALSE,
,,มินชิน,followed by a light supper.,พร้อมกับของว่าง,FALSE,
,,มินชิน,"Before bedtime, we read from one of the classics",ก่อนนอนเราจะอ่านหนังนิทานสือคลาสสิกหนึ่งเล่ม,FALSE,
,,มินชิน,something the children look forward to with anticipation.,เด็กๆทุกคนต่างเฝ้ารอช่วงเวลานี้,FALSE,
,,มินชิน,Sunday is the day of the Lord.,ส่วนวันอาทิตย์จะเป็นวันเข้าโบสถ์,FALSE,
,,มินชิน,Have you any questions?,มีคำถามอะไรมั้ยคะ,FALSE,
,,มินชิน,"Come along, dear.",มาทางนี้เลยจ๊ะที่รัก,FALSE,
,,มินชิน,"Girls, say hello to our new arrival",สาวๆ กล่าวทักทายนักเรียนใหม่กันสิ,FALSE,
,,มินชิน,Miss Sara Crewe.,นี่คุณซาร่า ครูว์,FALSE,
,,นักเรียน,"Hello, Sara.",สวัสดีซาร่า,FALSE,
,,อมิเลีย,You must tell them about your ,เธอน่าจะเล่าประสบการณ์,FALSE,
,,อมิเลีย,exciting life in India.,น่าตื่นเต้นในอินเดียให้เพื่อนๆฟังนะ,FALSE,
,,อมิเลีย,No doubt she'll be our most popular student in no time.,ซาร่าจะกลายเป็นดาวเด่นของโรงเรียนเราอย่างไม่น่าสงสัยเลยค่ะ,FALSE,
,,มินชิน,There are certain rules that should be made clear.,ฉันจะอธิบายกฎที่เธอจะต้องปฏิบัติตามหลังจากนี้ให้ฟังนะ,FALSE,
,,มินชิน,"First is the Rule of Cleanliness,",ข้อแรก ความสะอาด,FALSE,
,,มินชิน,which requires the girls to ,สาว ๆ ทุกคนจะต้องดูและ,FALSE,
,,มินชิน,keep their rooms spotless.,จัดการห้องของตนเองให้ไร้จุดบกพร่อง,FALSE,
,,มินชิน,Second is the Rule of Conduct,ข้อที่สอง การกระทำ,FALSE,
,,มินชิน,which requires the girls to speak and act,เด็กสาวทุกคนควรที่จะพูดจาและแสดงกิริยาต่างๆ,FALSE,
,,มินชิน,respectfully to the teachers at all times.,อย่างสง่างามและให้เกียรติครูทุกคนเสมอ,FALSE,
,,มินชิน,Third is the Rule of Punctuality,ข้อที่สาม การตรงต่อเวลา,FALSE,
,,มินชิน,which demands the girls to attend every class,เด็กสาวทุกคนจะต้องไปให้ตรงเวลา ทุกคาบเรียน,FALSE,
,,มินชิน,activity and meal on time,กิจกรรมและมื้ออาหาร,FALSE,
,,มินชิน,Fourth is the Rule of Residency,ข้อที่สี่ การอยู่อาศัย,FALSE,
,,มินชิน,which requires every student to stay in their room after bedtime.,ทุกคนจะต้องอยู่ในห้องนอนของตนเองเมื่อถึงเวลานอน,FALSE,
,,มินชิน,These rules are strictly enforced.,กฎของเราเป็นระเบียบและเคร่งครัดมาก,FALSE,
,,มินชิน,But I assure you,แต่ฉันขอให้คำมั่นกับเธอเลย,FALSE,
,,มินชิน,the results are well worth the effort.,ว่าผลลัพธ์จะคุ้มค่ากับสิ่งที่เธอทำแน่นอน,FALSE,
,,มินชิน,Our reputation for sending the most poised,พวกเรามีชื่อเสียงอย่างมากในการส่ง,FALSE,
,,มินชิน,and charming young ladies into society is one of the highest.,หญิงสาวที่สง่างามที่สุดออกสู่แวดวงสังคมชั้นสูง,FALSE,
,,กัปตันครูว์,I've no doubt.,ผมไม่แปลกใจเลย,FALSE,
,,มินชิน,"Also, I'm afraid such jewelry",แต่ฉันเกรงว่าเครื่องประดับต่างๆ,FALSE,
,,มินชิน,is not allowed during school hours.,คงจะไม่ได้รับอนุญาตในระหว่างชั่วโมงเรียน,FALSE,
,,ทศกันฐ์,Rules are nothing but a cage to confine oneself,ระเบียบนั้นมีไว้ก็เพื่อกักขังตัวตนเท่านั้น,FALSE,
,,พระราม,Rules can also steady a city of girls.,แต่กฎก็สามารถนำพาระเบียบมาสู่ความวุ่นวายได้,FALSE,
,,สีดา,Let order breathe; let hearts sing within it.,เมื่อระเบียบมีชีวิต หัวใจจึงได้ร้องเพลง,FALSE,
,,ซาร่า,"May I wear it in my room, during my free time?",ขอหนูใส่ที่ห้องของหนู ในเวลาว่างได้มั้ยคะ ?,FALSE,
,,กัปตันครูว์,It’s her mother’s keepsake,มันเป็นของต่างหน้าจากแม่เธอหน่ะครับ,FALSE,
,,มินชิน,If you absolutely insist.,หากคุณยืนกรานเช่นนั้น,FALSE,
,,กัปตันครูว์,I do.,ใช่ครับ,FALSE,
,,ลาวิเนียร์,She'll get in trouble.,เธอมีปัญหาแน่นอน,FALSE,
,4,กัปตันครูว์,This is splendid.,นี่มันสุดยอดจริงๆ,FALSE,
,,มินชิน,"Of course, afterall, this is our finest suite.",ใช่ค่ะ นี่คือห้องที่ดีที่สุดของโรงเรียนเรา,FALSE,
,,กัปตันครูว์,Thank you for all the care you've taken.,ขอบคุณสำหรับการดูแลทุกอย่างนะครับ,FALSE,
,,กัปตันครูว์,I want Sara to feel at home while I'm away.,ผมอยากให้ซาร่ารู้สึกเหมือนอยู่บ้านให้มากที่สุด,FALSE,
,,มินชิน,Of course she will,เธอจะรู้สึกแบบนั้นแน่นอนค่ะ,FALSE,
,,มินชิน,I'll let you say goodbye.,ฉันจะให้พวกคุณได้กล่าวลากันนะคะ,FALSE,
,,มินชิน,You won’t have much time before your ship leaves.,คุณคงจะมีเวลาไม่มากก่อนที่เรือจะออก,FALSE,
,,กัปตันครูว์,We'll write to each other every day.,พ่อจะเขียนจดหมายคุยกับลูกทุกวันนะ,FALSE,
,,กัปตันครูว์,How do you like your room?,ลูกชอบห้องนอนมั้ย,FALSE,
,,กัปตันครูว์,I made sure it was impeccable,พ่อตั้งใจเตรียมห้องให้สมบูรณ์แบบที่สุด,FALSE,
,,กัปตันครูว์,"With all your toys and clothes moved in,",เสื้อผ้าและของเล่นทั้งหมดของลูกอยู่ที่นี่แล้ว,FALSE,
,,กัปตันครูว์,it would feel as if we’ve never left home.,มันคงจะช่วยให้ลูกรู้สึกเหมือนอยู่ที่บ้านนะ,FALSE,
,,ซาร่า,What is that over there?,ตรงนั้นคืออะไรหรอคะ,FALSE,
,,กัปตันครูว์,This is Emily,นี่คือเอมิลี่,FALSE,
,,กัปตันครูว์,she came all the way from India to be with you.,เธอตามมาจากอินเดียเพื่ออยู่กับลูก,FALSE,
,,กัปตันครูว์,Dolls make the very best friends.,ตุ๊กตาตัวนี้จะกลายเป็นเพื่อนที่ดีที่สุดของลูก,FALSE,
,,กัปตันครูว์,Just because they can't speak,แค่เพียงเพราะมันพูดไม่ได้,FALSE,
,,กัปตันครูว์,doesn't mean they don't listen.,ไม่ได้หมายความว่ามันจะไม่ฟังลูกด้วยนะ,FALSE,
,,กัปตันครูว์,Did you know,ลูกรู้อะไรมั้ย,FALSE,
,,กัปตันครูว์,when we leave them alone in our room,เวลาที่พวกเราไม่อยู่ในห้อง,FALSE,
,,กัปตันครูว์,they come to life,เหล่าตุ๊กตาจะมีชีวิตขึ้นมานะ,FALSE,
,,ซาร่า,They do?,จริงหรอคะ,FALSE,
,,กัปตันครูว์,Yes. Before we walk in,ใช่แล้ว และก่อนที่พวกเราจะกลับมา,FALSE,
,,กัปตันครูว์,they quickly return to their places.,พวกมันจะรีบกลับไปเป็นเหมือนเดิม,FALSE,
,,ซาร่า,Why don't they come to life in front of us?,ทำไมพวกมันไม่มีชีวิตต่อหน้าพวกเราละคะ ?,FALSE,
,,กัปตันครูว์,Because it's magic.,เพราะมันคือเวทมนต์ยังไงหล่ะ,FALSE,
,,กัปตันครูว์,Magic must be believed,เวทมนต์ควรที่จะมีความเชื่อ,FALSE,
,,กัปตันครูว์,That's how it’s real,ไม่งั้นพวกมันจะไม่เกิดขึ้น,FALSE,
,,กัปตันครูว์,Whenever you're afraid,เมื่อไหร่ที่ลูกรู้สึกกลัว,FALSE,
,,กัปตันครูว์,or miss me terribly just tell Emily.,หรือคิดถึงพ่อจนทนไม่ไหว แค่บอกเอมิลี่นะ,FALSE,
,,กัปตันครูว์,She'll get the message to me,เธอจะนำความรู้สึกของลูกส่งมาให้พ่อแน่นอน,FALSE,
,,กัปตันครูว์,wherever I am,ไม่ว่าพ่อจะอยู่ที่ไหนก็ตาม,FALSE,
,,กัปตันครูว์,So when you hug her,และเมื่อไหร่ที่ลูกกอดเธอ,FALSE,
,,กัปตันครูว์,I’ll feel it too.,พ่อก็จะได้รับความรู้สึกนั้นเหมือนกัน,FALSE,
,,สีดา,"Yes—imagine, and then be kind.",ใช่แล้วนั้น จินตนาการแล้ว จงกระทำดี,FALSE,
,,พระราม,"Imagine, and then be true.",จินตนาการแล้ว จงจริงใจ,FALSE,
,,ทศกันฐ์,"Imagine, and then take.",จินตนาการแล้ว จงทำชั่ว,FALSE,
,,ซาร่า,"It's all right, Papa.",ทุกอย่างจะไม่เป็นไรค่ะพ่อ,FALSE,
,,ซาร่า,I'm going to be fine,หนูจะอยู่ให้ได้,FALSE,
,,ซาร่า,What are you doing?,พ่อทำอะไรคะ ?,FALSE,
,,ซาร่า,Memorizing me by heart?,ใช้หัวใจของพ่อจดจำหนูอยู่หรอคะ ?,FALSE,
,,กัปตันครูว์,I already know you by heart,ลูกอยู่ในใจของพ่อเสมออยู่แล้ว,FALSE,
,,กัปตันครูว์,Goodbye princess.,ลาก่อนนะเจ้าหญิงน้อยของพ่อ,FALSE,
,5,,,,FALSE,
,,แองจี้,What was that noise last night?,เมื่อคืนพวกเธอได้ยินเสียงอะไรกันมั้ย ?,FALSE,
,,แองจี้,Somebody was crying for hours.,มีบางคนร้องไห้เป็นชั่วโมงเลยนะ,FALSE,
,,ไอร่า,That's nothing. You should hear Lizzie snore.,มาฟังเสียงลิซซี่กรนสิ แล้วเธอจะรู้ว่ามันเทียบไม่ติด,FALSE,
,,ลิซซี่,I do not!,ฉันไม่ได้กรนนะ!,FALSE,
,,เออร์มา,Who was it? The new girl? ,เธอเป็นใครหน่ะ? เด็กใหม่หรอ? ,FALSE,
,,เออร์มา,She hasn't come out of her room.,เธอยังไม่เคยออกมาจากห้องเลยนะ,FALSE,
,,เออร์มา,Did you see all her toys?,เธอมีของเล่นเยอะมาก พวกเธอเห็นไหม?,FALSE,
,,ลาวิเนียร์,I need that hair ribbon of hers.,ฉันอยากได้ยางมัดผมของเธอ,FALSE,
,,แองจี้,I heard her father makes crackers.,ฉันได้ยินมาว่า ครอบครัวของเธอขายแครกเกอร์,FALSE,
,,ไอร่า,They're very rich.,พวกเขารวยมาก,FALSE,
,,แองจี้,They must be. Everyone I know eats crackers.,แน่นอนอยู่แล้ว ทุกคนที่ฉันรู้จักกินแครกเกอร์,FALSE,
,,ไอร่า,Her father's British.,พ่อของเธอเป็นคนบริติช,FALSE,
,,ไอร่า,I heard he's best friends with the king and queen.,ฉันได้ยินมาว่าพ่อของเธอเป็นเพื่อนกับพระราชาและราชินี,FALSE,
,,แองจี้,I heard he was thrown out of India,ฉันได้ยินมาว่าพ่อของเธอถูกขับไล่ออกจากอินเดีย,FALSE,
,,แองจี้,because people died from eating his poisoned crackers.,เพราะผู้คนล้มตายจากแครกเกอร์อาบยาพิษของเขา,FALSE,
,,เพนนี,Poisoned crackers?,แครกเกอร์อาบยาพิษงั้นหรอ,FALSE,
,,เออร์มา,My aunt died from eating poisoned string beans.,คุณป้าของฉันเสียหลังจากกินถั่วฝักยาวอาบยาพิษ,FALSE,
,,แองจี้,Who cares about her?,ใครสนเรื่องเธอกันหล่ะ,FALSE,
,,ไอร่า,"Yeah, who cares?",นั่นสิ ใครสน,FALSE,
,,พระราม,"Test rumors. Believe witnesses, not whispers.",อย่าไปสนใจข่าวลือ จงเชื่อถือผู้รู้จริง,FALSE,
,,ทศกันฐ์,Whispers are sweeter than facts.,แต่ข่าวลือช่างหอมหวาน มิเหมือนความจริงอันขื่นขม,FALSE,
,,แอชฟอร์ด,Sara? ,ซาร่า ?,FALSE,
,,แอชฟอร์ด,We don't delay breakfast for one student.,พวกเราจะไม่เลื่อนเวลาทานอาหารเพราะเด็กคนเดียวหรอกนะ,FALSE,
,,ซาร่า,"I'm sorry, but I–",หนูรู้ค่ะ หนูขอโทษ-,FALSE,
,,แอชฟอร์ด,"Remember, you're not the only child here.",เธอไม่ใช่เด็กนักเรียนคนเดียวของที่นี่ จำไว้,FALSE,
,,ไรท์,"Good morning miss, good morning children.",อรุณสวัสดิ์ค่ะ อรุณสวัสดิ์เด็กๆ,FALSE,
,,ไรท์,This is Monsieur Dufarge. ,นี่คือคุณครูดูฟาจน์ ,FALSE,
,,ไรท์,You begin French lessons today.,เขาจะมาสอนภาษาฝรั่งเศสนับต่อจากนี้,FALSE,
,,เออร์มา,Do I have to?,หนูจำเป็นต้องเรียนด้วยเหรอ,FALSE,
,,มินชิน,You most certainly do. ,แน่นอนอยู่แล้ว ,FALSE,
,,มินชิน,Apologize to Monsieur Dufarge ,ขอโทษคุณดูฟาจน์,FALSE,
,,มินชิน,for your rudeness.,กับการกระทำอันหยาบคายของเธอเดี๋ยวนี้,FALSE,
,,เออร์มา,But I didn't mean to be rude!,แต่หนูไม่ได้ตั้งใจจะทำตัวหยาบคาย,FALSE,
,,มินชิน,Now!,เดี๋ยวนี้!,FALSE,
,,ดูฟาจน์,Its fine Erma,ไม่เป็นไรหรอกครับเออร์มา,FALSE,
,,ดูฟาจน์,Bonjour! ,อรุณสวัสดิ์ ,FALSE,
,,,Je suis votre professeure de français.,ฉันคือครูสอนภาษาฝรั่งเศสของพวกเธอ,FALSE,
,,ดูฟาจน์,Comment tu t’appelles?,เธอชื่ออะไรหรือ,FALSE,
,,ซาร่า,"Je m'appelle Sara Crewe, monsieur. ",หนูชื่อซาร่าครูว์ ,FALSE,
,,ซาร่า,Je viens d'Inde.,มาจากอินเดียค่ะ,FALSE,
,,ดูฟาจน์,This child doesn't need to learn French. She practically is French!,เด็กคนนี้พูดเก่งราวกับเธอเป็นเจ้าของภาษาเลยหล่ะ,FALSE,
,,ดูฟาจน์,She learned from her father. I understood what she said.,ฉันเข้าใจทุกอย่างที่เธอพูด พ่อของเธอคงจะสอนมา,FALSE,
,,ดูฟาจน์,She can tutor the younger children,เธอสามารถรับหน้าที่สอนเด็กเล็ก,FALSE,
,,ดูฟาจน์,"and help you with your pronunciation, Minchin.",และช่วยในการออกเสียงของคุณได้นะ มินชิน,FALSE,
,,ดูฟาจน์,Fantastique…,ยอดเยี่ยม,FALSE,
,,ซาร่า,"There you go. Oh, I didn’t catch your name.",นี่จ่ะ ว่าแต่เธอชื่ออะไรนะ,FALSE,
,,แอชฟอร์ด,"Miss Sara, do not interact with that lowly servant!",ห้ามพูดคุยกับคนใช้นะ ซาร่า,FALSE,
,,ซาร่า,That doesn’t seem right?,ทำไมกันหล่ะคะ,FALSE,
,,แอชฟอร์ด,I won't say it again.,ฉันจะไม่พูดซ้ำ,FALSE,
,,ซาร่า,Erma right? Are you ok?,เออร์มาใช่ไหมจ๊ะ เธอโอเคมั้ย,FALSE,
,,เออร์มา,"Yes, and you are…",ฉันโอเค แล้วเธอคือ?,FALSE,
,,ซาร่า,"Sara, Sara Crewe, nice to meet you.",ซาร่าจ่ะ ซาร่าครูว์ ยินดีที่ได้รู้จัก,FALSE,
,,เออร์มา,Hi Sara,สวัสดีซาร่า,FALSE,
,,ซาร่า,The next class is Math right? ,คาบต่อไปเรียนคณิตศาสตร์ใช่ไหม? ,FALSE,
,,ซาร่า,I’m new here,ฉันพึ่งมาใหม่,FALSE,
,,เออร์มา,"Yes it is, and there’s a multiplication exam too.",ใช่แล้ว และมีทดสอบการคูณด้วย,FALSE,
,,เออร์มา,I studied all night for it.,ฉันตั้งใจทบทวนทั้งคืนเลย,FALSE,
,,ไรท์,"Good morning class,",อรุณสวัสดิ์เด็ก ๆ,FALSE,
,,นักเรียน,"Good morning, Miss Wright.",อรุณสวัสดิ์ค่ะ คุณครู,FALSE,
,,ไรท์,As you may’ve known,พวกเธอคงทราบกันแล้ว ,FALSE,
,,ไรท์," this is Miss Sara, Sara Crewe,",นี่คือซาร่า ซาร่าครูว์,FALSE,
,,ไรท์,she will be in our class from now on.,นับต่อจากนี้เธอจะมาเข้าเรียนกับพวกเรา,FALSE,
,,นักเรียน,Hi Sara!,สวัสดีซาร่า,FALSE,
,,ลาวิเนียร์,"Look at the new girl, she’s so clueless",ดูเธอสิ ช่างไร้เดียงสาอะไรเช่นนี้,FALSE,
,,ไอร่า,You’re most correct Lav,จริงด้วยหล่ะ,FALSE,
,,แองจี้,I bet she’s nothing but a spoiled brat,พนันได้เลย เธอก็เป็นแค่คุณหนูบ้านรวยคนหนึ่ง,FALSE,
,,ไอร่า,right???,ใช่ไหม,FALSE,
,,ลาวิเนียร์,I’ve heard that her family sells crackers.,ฉันได้ยินมาว่าบ้านของเธอขายแครกเกอร์,FALSE,
,,ลาวิเนียร์,"How is she even attending the same school as us,",เธอมาเข้าเรียนที่นี่ได้อย่างไรกันนะ,FALSE,
,,ลาวิเนียร์,a high class prestigious private school???,ในโรงเรียนชนชั้นสูงแห่งนี้,FALSE,
,,ไอร่า,But I’ve heard that she's got the biggest suite in our convent though.,แต่เธออยู่ในห้องที่หรูหราที่สุดของโรงเรียนคอนแวนต์นี้,FALSE,
,,แองจี้,"Sis, this is not the time.",ไอร่า นี่ไม่ใช่เวลามาพูดเรื่องนี้,FALSE,
,,ไอร่า,"I’m so sorry lav, it’s my fault",ฉันผิดเอง ฉันขอโทษนะลาวิเนียร์,FALSE,
,,ไรท์,"Alright girls, let's get to class now.",เอาหล่ะเด็ก ๆ ไปที่ห้องเรียนกันได้แล้ว,FALSE,
,,ไรท์,Erma you’re up first.,เออร์มา เธอเริ่มเลย,FALSE,
,,เออร์มา,Yes miss Wright.,ได้ค่ะครูไรท์,FALSE,
,,ไรท์,"Slowly miss Erma, take a deep breath and everything will be fine.",หายใจเข้าลึกๆ ไม่ต้องรีบนะคุณเออร์มา,FALSE,
,,เออร์มา,Seven times five is 35. Seven times six is 42.,เจ็ดคูณห้าได้ สามสิบห้า เจ็ดคูณหก ได้สี่สิบสอง,FALSE,
,,เออร์มา,"Seven times seven is 49. Seven times eight is (beat.) 58. No, wait",เจ็ดคูณเจ็ดได้สี่สิบเก้า เจ็ดคูณแปดได้ ห้าสิบแปด ไม่ใช่สิ,FALSE,
,,เออร์มา,"54? 55? Or 72? Or 93? Or 63? I'm sorry, ",54? 55? หรือ 72? หรือ 93? หรือ 63? หนูขอโทษค่ะครู ,FALSE,
,,เออร์มา,Miss Wright. I studied for hours last night.,หนูอาจเตรียมตัวมาไม่พอ,FALSE,
,,ไรท์,"It's absolutely fine, learning takes time and perseverance.",ไม่เป็นไรจ่ะ การเรียนรู้ย่อมใช้เวลา,FALSE,
,,มินชิน,Absolutely not! I find it hard to believe that you even put in an effort at all.,ไม่มีทาง! ฉันเชื่อว่าเธอไม่ได้พยายามเรียนรู้ด้วยซ้ำ,FALSE,
,,มินชิน,I must report this to your father.,ฉันจะแจ้งเรื่องนี้กับพ่อของเธอ,FALSE,
,,เออร์มา,"Please, madame, don't tell him. ",ไม่นะ! ได้โปรดมาดามอย่าบอกคุณพ่อเลย ,FALSE,
,,เออร์มา,"I promise to do better, please.",หนูจะตั้งใจมากกว่านี้,FALSE,
,,ไรท์,"Lavinia, you’re next.",ลาวิเนียร์เธอคนต่อไป,FALSE,
,,ลาวิเนียร์,yes miss,ค่ะคุณครู,FALSE,
,,ซาร่า,"you did great up there,",เธอทำได้ดีมาก,FALSE,
,,เออร์มา,"no I have not, ",ไม่ฉันทำไม่ได้เลย ,FALSE,
,,เออร์มา,and now my dad’s gonna be disappointed in me,และตอนนี้คุณพ่อจะผิดหวังให้ตัวฉัน,FALSE,
,,ซาร่า,"you must look at the bright side,",เธอควรจะมองในทางที่ดี,FALSE,
,,ซาร่า,at least you’ve learned something today.,อย่างน้อย เธอก็ได้เรียนรู้อะไรบางอย่าง,FALSE,
,,เออร์มา,yea?,จริงหรอ,FALSE,
,,ไรท์,"Girls, Class is over.",เอาหล่ะ จบคาบแล้ว,FALSE,
,,ไรท์,"We will continue where we left offnext tomorrow,",เราจะเรียนเนื้อหาต่อไปในวันพรุ่งนี้ ,FALSE,
,,ไรท์, so be prepared.,ขอให้ทุกคนเตรียมตัวมาด้วย,FALSE,
,,,,,TRUE,
,,สีดา,Send the letter; send your heart.,ส่งจดหมาย แห่งดวงใจ,FALSE,
,,พระราม,Keep your promise to study.,มั่นสัญญาตั้งใจเรียน,FALSE,
,6,ดูฟาจน์,"Bonjour la classe, comment allez-vous aujourd’hui?",สวัสดีทุกคน วันนี้เป็นยังไงกันบ้าง,FALSE,
,,นักเรียน,Bonjour professeur,สวัสดีค่ะคุณครู,FALSE,
,,นักเรียน,"je vais bien merci, et vous?",สบายดีค่ะ แล้วครูละหล่ะคะ,FALSE,
,,ดูฟาจน์,"Aujourd’hui, nous allons écrire une rédaction sur l’amour",วันนี้พวกเราจะมาเขียนเรียงความ,FALSE,
,,ดูฟาจน์,maternel pour la fête nationale des mères.,เกี่ยวกับคุณแม่เนื่องในวันแม่กันนะครับ,FALSE,
,,นักเรียน,"Oui, Monsieur",ค่ะ,FALSE,
,,ดูฟาจน์,Lottie? What’s going on?,ลอตตี้ เกิดอะไรขึ้น,FALSE,
,,ลาวิเนียร์,"Oh, qu’est-ce qu’elle a encore?",คราวนี้เธอเป็นอะไรอีกหล่ะ,FALSE,
,,ดูฟาจน์,"Ce n’est pas très gentil de votre part, jeune fille.",กิริยาแบบนี้ไม่เหมาะสมเลยนะสาวน้อย,FALSE,
,,ลาวิเนียร์,Et alors ? Il faut qu’on arrête tout le cours,แล้วพวกเราต้องหยุดการเรียน,FALSE,
,,ลาวิเนียร์,juste pour qu’elle pleure et s’effondre — pour quoi faire ?,เพื่อรอเธอหยุดร้องไห้หรอคะ,FALSE,
,,ลาวิเนียร์,"Je soutiens que vous devriez consacrer davantage votre énergie à m’enseigner,",หนูคิดว่าครูควรที่จะเอาพลังงานมาสอนคนอื่นๆ,FALSE,
,,ลาวิเนียร์,"ainsi qu’aux autres personnes qui peuvent réellement apprendre et prêter attention, comme moi.",ที่ตั้งใจจะมาเรียนแบบพวกหนูมากกว่านะคะ,FALSE,
,,ซาร่า,Pourquoi n’as-tu aucune compassion pour les autres ?,ทำไมเธอไม่เคยสนใจคนอื่นบ้างเลย,FALSE,
,,ซาร่า,Tu n’as donc pas de cœur ?,เธอมีหัวใจหรึเปล่า,FALSE,
,,ลาวิเนียร์,"Pourquoi ça t’intéresse, la nouvelle ?",แล้วเธอจะสนใจทำไมเด็กใหม่,FALSE,
,,ลาวิเนียร์,Tu la connais même ?,เธอไม่รู้จักหล่อนด้วยซ้ำ,FALSE,
,,ซาร่า,"Peu importe si tu voulais agir ainsi,",เธอจะทำตัวยังไงก็เรื่องของเธอแล้วกัน,FALSE,
,,ซาร่า,allons-y en Lottie.,ไปกันเถอะลอตตี้,FALSE,
,,ลอตตี้,I want my mama! I miss my mom!!,หนูอยากอยู่กับแม่ หนูคิดถึงคุณแม่,FALSE,
,,ซาร่า,She might be closer than you think.,ท่านอาจจะอยู่ใกล้กว่าที่เธอคิดก็ได้นะ,FALSE,
,,ลอตตี้,No she’s not! She's dead,ไม่ ท่านเสียไปแล้ว,FALSE,
,,ลอตตี้,and I won't ever see her again!,และหนูก็จะไม่ได้เจอท่านอีก,FALSE,
,,ซาร่า,I don't have a mother either.,ฉันก็ไม่มีแม่เหมือนกันนะ,FALSE,
,,ดูฟาจน์,Mama mia!,โอ้พระเจ้า,FALSE,
,,ลอตตี้,You don't? Where is she?,พี่ด้วยหรอ แล้วแม่พี่อยู่ที่ไหน,FALSE,
,,สีดา,Sing clouds to grieving children.,ปลอบประโลมให้กับเด็กน้อยที่เศร้าหมอง,FALSE,
,,พระราม,"Soothe, then structure: hope and habit.",ปลอบ แล้วจึงพัฒนา สร้างเสริมบุคลิกภาพ,FALSE,
,,ทศกันฐ์,Hope is an illusion that leads to demise,ความหวังนั้นเป็นเพียงแค่ภาพลวงตาที่จะนำพาไปสู่ความอัปยศเท่านั้น,FALSE,
,,ซาร่า,In heaven with my baby sister.,ในสวรรค์หน่ะจ่ะหนูน้อย,FALSE,
,,ซาร่า,That doesn't mean I can't talk to her.,แต่นั่นก็ไม่ได้หมายความว่าฉันจะคุยกับท่านไม่ได้นะ,FALSE,
,,ซาร่า,I tell her everything,ฉันเล่าทุกอย่างให้ท่านฟัง,FALSE,
,,ซาร่า,and I know she hears me.,และฉันเชื่อว่าท่านได้ยิน,FALSE,
,,ซาร่า,Because that's what angels do,เพราะนั่นคือสิ่งที่นางฟ้าทำได้ไงหล่ะ,FALSE,
,,ลอตตี้,Your mama's an angel?,แม่พี่เป็นนางฟ้าหรอคะ,FALSE,
,,ซาร่า,Of course she is. And so is yours.,ใช่จ่ะ และแม่ของเธอก็ด้วยนะ,FALSE,
,,ซาร่า,And they all live together in a castle.,พวกเขาคงจะอยู่ในปราสาทด้วยกัน,FALSE,
,,ซาร่า,"Sometimes, they even send messages to us!",บางครั้งพวกเขาก็ส่งข้อความมาหาพวกเราด้วยนะ,FALSE,
,,ซาร่า,You can't hear them if you're kicking and screaming as you were,แต่เธอจะไม่ได้ยินถ้ายังกรี้ดและดิ้นอยู่แบบนี้,FALSE,
,,ซาร่า,"But they always try again,",แต่พวกเขาจะพยายามส่งมันมาอีกครั้ง,FALSE,
,,ซาร่า,in case we've missed it.,เผื่อว่าพวกเราจะพลาดในตอนแรก,FALSE,
,,ดูฟาจน์,"If you feel lonely, you have us, as your family.",ถ้าเธอเหงาเธอยังมีพวกเราเป็นอีกครอบครัวนะ,FALSE,
,,ไอร่า,"Hey, wait! That's Becky.",เดี๋ยวนะ นั่นเบคกี้หนิ,FALSE,
,,ไอร่า,She's not allowed to talk to us.,เธอไม่ได้รับอณุญาตให้มาคุยกับพวกเรานะ,FALSE,
,,ซาร่า,Why not?,ทำไมหละ,FALSE,
,,เพนนี,She's a servant girl.,เพราะเธอเป็นแค่สาวใช้,FALSE,
,,ซาร่า,"So? Well, that shouldn’t mean anything?",แล้วยังไง มันไม่ได้มีปัญหาอะไรสักหน่อย,FALSE,
,,ดูฟาจน์,"Retournez en classe, les élèves.",เอาหละ กลับเข้าห้องเรียนกันเถอะ,FALSE,
,,ดูฟาจน์,ous avez terminé votre rédaction?,พวกเธอเขียนรายงานกันเสร็จหรึยัง,FALSE,
,,ดูฟาจน์,"Take your time honey, essays can wait.",ใช้เวลากับมันให้เต็มที่นะสาวๆ,FALSE,
,,ซาร่า,Lottie wait for me here a second,ลอตตี้รอฉันแปปนึงนะ,FALSE,
,,เบคกี้,"Is there anything I can do for you, miss?",มีอะไรให้ฉันช่วยมั้ยคะ,FALSE,
,,ซาร่า,"No, there’s nothing.",ไม่จ่ะ ไม่มีอะไร,FALSE,
,,ซาร่า,I just want to talk.,ฉันแค่อยากจะคุยด้วย,FALSE,
,,เบคกี้,I beg your pardon,ขออภัยคะ,FALSE,
,,เบคกี้,but we'll both be in trouble if you stay.,แต่หากคุณอยู่ที่นี่พวกเราคงจะมีปัญหาทั้งคู่,FALSE,
,,ซาร่า,and why is that?,ทำไมเป็นอย่างนั้นหล่ะ,FALSE,
,,เบคกี้,"My apologies, miss Sara",ขออภัยด้วยคุณซาร่า,FALSE,
,,เบคกี้,but am I just a lowly servant,แต่ฉันเป็นเพียงแค่สาวใช้ชั้นต่ำ,FALSE,
,,เบคกี้,we mustn’t be friends.,พวกเราไม่ควรเป็นเพื่อนกันค่ะ,FALSE,
,,ดูฟาจน์,"Les filles, je vais vous accompagner à votre prochain cours,",เอาหละสาวๆ ครูจะส่งพวกเธอไปวิชาต่อไปแล้วนะ,FALSE,
,,ดูฟาจน์,"la littérature anglaise. Mettez-vous en rang et par deux, s’il vous plaît.",มาเข้าแถวแล้วจับคู่กันเลย,FALSE,
,,ซาร่า,See you later Becky.,ไว้เจอกันนะเบคกี้,FALSE,
,,ซาร่า,I hope we can be friends.,หวังว่าพวกเราจะได้เป็นเพื่อนกัน,FALSE,
,7a,ไรท์,"Good Afternoon girls, ",สวัสดีตอนบ่าย ,FALSE,
,,ไรท์,and welcome back to yet another literature class.,กลับมาอีกครั้งกับคาบวรรณกรรม,FALSE,
,,ไรท์,Since Miss Sara will be joining us for this reading exercise,ครั้งนี้คุณซาร่ามาเข้าร่วมการอ่านวรรณกรรม,FALSE,
,,ไรท์," for the first time,",กับพวกเราเป็นครั้งแรก,FALSE,
,,ไรท์, I would like to have one of you girls begin.,ฉันอยากให้ใครสักคนเริ่มอ่านให้หน่อย,FALSE,
,,ไรท์,"Lavinia, please resume from where we left off in the last lesson.
",ลาวิเนียร์ อ่านต่อจากครั้งที่แล้วให้หน่อยนะจ๊ะ,FALSE,
,,ลาวิเนียร์,Sir Edward saw the sorrow in his daughter's eyes,เซอร์เอ็ดเวิร์ดมองเห็นความเศร้าในแววตาลูกสาวของเขา,FALSE,
,,ลาวิเนียร์,but he knew that family honor must prevail. Nobility was not to be trifled with. ,แต่เขารู้ดีว่า เกียรติของตระกูลย่อมต้องมาก่อน ,FALSE,
,,ลาวิเนียร์,"I beg of you, Charlotte,' he said. ",‘พ่อขอร้องนะ ชาร์ล็อตต์’ เขากล่าว ,FALSE,
,,ลาวิเนียร์,"“Marry Sir John in the spring, as he has asked.”",‘แต่งงานกับเซอร์จอห์นในฤดูใบไม้ผลิตามที่เขาขอเถิด’,FALSE,
,,ไรท์,"Thank you, Lavinia. Sara, you may continue.",ขอบคุณค่ะ ลาวิเนียร์ ซาร่าต่อไปตาของเธอ,FALSE,
,,ซาร่า,"“Charlotte said to her father, 'Father, you are right.","ชาร์ล็อตต์ พูดกับพ่อของเธอว่า ""พ่อพูดถูกค่ะ""",FALSE,
,,ซาร่า,I must put away my foolish fantasies and childhood wishes.,"""หนูควรจะทิ้งความฝันวัยเด็กและความหวังโง่ๆของหนูลงเสีย""",FALSE,
,,ซาร่า,"But I simply won't do it. I'm sorry, Father. When I marry, it'll be for love.”","""แต่ ขอโทษค่ะ หนูทำไม่ได้ หนูจะแต่งงานด้วยหัวใจ ไม่ใช่หน้าที่""",FALSE,
,,ซาร่า,"And with that, Charlotte ran from the house.’ ",เมื่อพูดจบ ชาร์ล็อตต์วิ่งออกจากบ้านไปหา ,FALSE,
,,ซาร่า,"Waiting outside was the handsome stable boy, Pierre whom Charlotte secretly adored.",ปีแยร์ เด็กหนุ่มคนเลี้ยงม้าอันหล่อเหลา,FALSE,
,,ซาร่า,"Together, they escaped to the coast and quickly set sail for Tahiti.",พวกเขาหนีไปยังชายฝั่ง และออกเรือมุ่งหน้าไปยังตาฮิติ,FALSE,
,,ซาร่า,"When they were halfway there, their ship was attacked by pirates! ",และในระหว่างทาง พวกเขาโดนโจมตีจากพวกโจรสลัด!,FALSE,
,,ซาร่า,"Rather than being eaten alive, they threw themselves into the sea. ", พวกเขาตัดสินใจกระโดดลงทะเล ,FALSE,
,,ซาร่า,As they began to drown...,ก่อนที่จะจมดิ่งสู่ก้นมหาสมุทร,FALSE,
,,ซาร่า,"they held each other close,",พวกเขากอดกันแน่น ,FALSE,
,,ซาร่า, and swore undying love.,และสาบานว่าจะรักกันชั่วนิรันดร์,FALSE,
,,ซาร่า," Then, when all seemed lost,",และในทันใดนั้นเอง ,FALSE,
,,ซาร่า, a group of mermaids appeared--,กลุ่มนางเงือกได้ปรากฏตัวขึ้น,FALSE,
,,มินชิน,That is not how the story goes! What are you doing!?,เธอทำอะไรอยู่หน่ะ นั่นไม่ใช่เนื้อเรื่องที่ควรจะเป็น ,FALSE,
,,ทศกันฐ์,Tear up the book—write your own.,จงฉีกหนังสือทิ้งแล้วเขียนมันใหม่เองไปเลย,FALSE,
,,พระราม,Keep your respect. Keep your spark.,จงรักษาไว้ซึ่งความงามเถิด,FALSE,
,,ซาร่า,"I couldn't bear to see her marry him, ",หนูไม่สามารถทนเห็นเธอแต่งงานกับเขาได้ ,FALSE,
,,ซาร่า,so I imagined another ending.,หนูเลยจินตนาการตอนจบแบบใหม่ค่ะ,FALSE,
,,มินชิน,Imagined?,จินตนาการงั้นหรือ?,FALSE,
,,ซาร่า,"Don't you ever imagine things, miss, just to make things seem real?
",คุณครูไม่เคยมีจินตนาการหรอคะ,FALSE,
,,มินชิน,Silence! There will be no more make-believe at this school...,เงียบ! จะต้องไม่มีการสร้างเรื่องราวในโรงเรียนนี้,FALSE,
,,มินชิน, during reading or any other time. Is that understood?,รวมถึงเวลาการอ่านและเวลาอื่นด้วย เข้าใจไหม,FALSE,
,,นักเรียน,"Yes, Madame.",ค่ะคุณครู,FALSE,
,,มินชิน,"All of you, go to bed.",ไปเข้านอนได้แล้ว ทุกคน,FALSE,
,,เออร์มา,I never heard a story like that in my life.,ฉันไม่เคยได้ยินเรื่องแบบนี้มาก่อนเลย,FALSE,
,,เออร์มา," I bet you know lots of them, don't you, Sara?",ฉันมั่นใจว่าเธอรู้นิทานพวกนี้เยอะ ใช่ไหมซาร่า,FALSE,
,,แอชฟอร์ด,I want silence up there!,ข้างบนนั้น เงียบเดี๋ยวนี้!,FALSE,
,,เออร์มา,"We have to do something about this rule. After the lights are out,",หลังจากปิดไฟ พวกเราจะต้องทำอะไรสักอย่างกับกฎเหล่านี้,FALSE,
,,เออร์มา,"we'll sneak into your room, ",พวกเราจะแอบเข้าไปในห้องของเธอ ,FALSE,
,,เออร์มา,and you can show us a real story.,และเธอจะได้เล่านิทานให้พวกเราฟัง,FALSE,
,,ซาร่า,"Only if it's just you three. Come on, come on.",ได้สิ ถ้ามีพวกเราแค่สามคน,FALSE,
,,พระราม,Hold your ground with respect.,หากจะสู้จงสู้ด้วยความเคารพเถิด,FALSE,
,,ทศกันฐ์,Or set the book ablaze and dance.,หรือช่างทุกอย่างและทำตามต้องการ,FALSE,
,,สีดา,"Let story rescue courage, not avoid it.",ให้เรื่องราวช่วยสร้างเสริมความกล้า มิใช่หลีกหนี,FALSE,
,,ดูฟาจน์,"Un peu d'imagination aide à apprendre une langue, Madame.",การจินตนาการจะช่วยส่งเสริมการเรียนภาษานะคุณครู,FALSE,
,,มินชิน,"What are you saying I do not understand,",คุณพูดอะไรหน่ะ ฉันไม่เข้าใจ,FALSE,
,,มินชิน,we are in Great Britain ,คุณอยู่ในบริเตนใหญ่ ,FALSE,
,,มินชิน,thus you shall speak the language of the queen!!!,คุณควรจะพูดภาษาของคนที่นี่,FALSE,
,,ดูฟาจน์,"I was saying that a little imagination helps when learning a language, Madam.",ผมหมายความว่า จินตนาการอันเล็กน้อยจะส่งเสริมการเรียนรู้,FALSE,
,,มินชิน,The little imagination you’re talking about will bring us doom.,จินตนาการนั้นจะนำพาเราไปสู่ความวุ่นวาย,FALSE,
,,มินชิน,"You don’t know what they’re capable of.
",มันสามารถเลยเถิดไปได้ไกลกว่าที่คุณคิด,FALSE,
,,ดูฟาจน์,"We guide, we don’t cut. That’s why we’re teachers",พวกเรามีหน้าที่ส่งเสริม นั่นคืองานของเราในฐานะครู,FALSE,
,,มินชิน,"We’re teachers, that’s why we stop it beforehand.
",พวกเราในฐานะครู ควรตักเตือนก่อนที่จะสายเกินไป,FALSE,
,7b,ซาร่า,"Oh my, Becky! You came,",โอ้เบคกี้ มานี่สิจ๊ะ,FALSE,
,,เบคกี้,Yes I did miss Sara.,ได้ค่ะคุณซาร่า,FALSE,
,,ซาร่า,There’s no need to call me Miss.,เธอไม่ต้องเรียกฉันว่าคุณก็ได้นะ,FALSE,
,,เบคกี้,"Yes Miss Sara, oh, uh, Sara",ค่ะคุณซาร่า เอ้ะ ไม่สิ ซาร่า,FALSE,
,,เออร์มา,Is that Becky,นั่นเบคกี้หรอ,FALSE,
,,เออร์มา,will we get in trouble ,พวกเราจะมีปัญหามั้ย,FALSE,
,,เออร์มา,is Madame Minchin knows she’s here,ถ้าคุณมินชินรู้เข้าว่าเธออยู่ที่นี่,FALSE,
,,ซาร่า,It's fine Erma,ไม่เป็นไรหรอกเออร์มา,FALSE,
,,ซาร่า,when the rules are unjust,เมื่อกฎต่างๆมันไม่ยุติธรรม,FALSE,
,,ซาร่า,you go around them.,ก็จงบิดเบือนมันเถอะ,FALSE,
,,เออร์มา,"hmm, Hi, Becky,",อืม สวัสดีเบคกี้,FALSE,
,,เออร์มา,you can just call me Erma,เธอเรียกฉันว่าเออร์มาก็ได้นะ,FALSE,
,,เพนนี,I’m Penny,ฉันเพนนีจ๊ะ,FALSE,
,,ลิซซี่,and I’m Lizzie,ฉัันลิซซี่,FALSE,
,,เบคกี้,"Good evening, Erma, Penny, Lizze.",สวัสดีตอนบ่ายนะ เออร์มา เพนนี่ ลิซซี่,FALSE,
,,เออร์มา,So what’s next??,แล้วเรื่องเป็นยังไงต่อ,FALSE,
,,เออร์มา,I’m dying to know.,ฉันอยากรู้จะแย่แล้ว,FALSE,
,,ลิซซี่,"Yess, please continue,",ใช่เล่าต่อเถอะ,FALSE,
,,ลิซซี่,I’m gonna explode!!!!,ฉันจะระเบิดแล้ว,FALSE,
,,ซาร่า,"Ok, ok, don’t die.",โอเคโอเค ใจเย็น ๆ กันนะ,FALSE,
,,ซาร่า,The evil Ravana locked the princess up in his tower.,ทศกันฐ์จอมวายร้ายขังเจ้าหญิงไว้ในหอคอย,FALSE,
,,ซาร่า,There she stayed for many weeks...,เธอถูกขังอยู่ที่นั้นหลายสัปดาห์,FALSE,
,,ซาร่า,just staring out her window ,ทำได้แค่มองออกไปนอกหน้าต่าง,FALSE,
,,ซาร่า,missing her Prince Rama terribly.,และคิดถึงพระรามผู้เป็นที่รัก,FALSE,
,,เออร์มา,"That’s so scary, ",น่ากลัวมากเลย,FALSE,
,,เออร์มา,can I borrow Emily for a bit?,ฉันขอยืมเอมิลี่หน่อยได้มั้ย,FALSE,
,,ซาร่า,"Yea sure,",ได้สิ,FALSE,
,,เออร์มา,My father hates dolls.,พ่อของฉันไม่ชอบตุ๊กตา,FALSE,
,,เออร์มา,And he hates coming here.,และเขาก็ไม่ชอบมาที่นี่,FALSE,
,,เออร์มา,Says he doesn't belong.,เขาบอกว่าตนเองไม่คู่ควรกับที่นี่,FALSE,
,,ซาร่า,Then why does he send you here?,แล้วทำไมเขาส่งเธอมาเรียนที่นี่หล่ะ,FALSE,
,,เออร์มา,Because he wants me to belong.,เพราะเขาอยากให้ฉันคู่ควร,FALSE,
,,ซาร่า,That’s very thoughtful of your father,พ่อของเธอคิดมาดีมากเลยนะ,FALSE,
,,เพนนี,So what happened next?,แล้วเรื่องเกิดอะไรขึ้นต่อ,FALSE,
,,ซาร่า, Rama approached the thorny palace...,พระรามไปยังปราสาทที่เต็มไปด้วยหนามของทศกันฐ์,FALSE,
,,ซาร่า,unaware that Ravana was waiting for him.,โดยไม่ทันได้ระวัง ทศกันฐ์กำลังรอเขาอยู่,FALSE,
,,ซาร่า,But Rama was not through yet.,แต่พระรามก็ไม่ถอย,FALSE,
,,ซาร่า,He took a bow that held not one but 10 arrows,เขานำธนูออกมา ไม่เพียงหนึ่ง แต่มีศรถึง 10 เล่ม,FALSE,
,,ซาร่า,each filled with poison.,และทุกๆ เล่มอาบไปด้วยยาพิษ,FALSE,
,,ซาร่า,"Standing before the gates,",พระรามยืนอยู่ที่หน้าประตู,FALSE,
,,ซาร่า,feels his heart pound —,หัวใจของเขาเต้นอย่างรุนแรง,FALSE,
,,ซาร่า,yet he breathes.,จากนั้นเขาก็สูดหายใจ,FALSE,
,,พระราม,Breathe. Choose. Advance.,หายใจเข้า หายใจออก ตั้งสติ,FALSE,
,,ซาร่า,"Far away, the princess whispers to herself—",ในอีกฝั่งหนึ่งเจ้าหญิง พึมพำกับตนเอง,FALSE,
,,สีดา,Hope is an inner wind.,ให้ความหวังนำพาเถิด,FALSE,
,,ซาร่า,The arrows sped through the air...,ลูกศรถูกยิงผ่านอากาศไปด้วยความเร็ว,FALSE,
,,ซาร่า,heading straight for Rama.,พุ่งตรงมายังพระราม,FALSE,
,,ซาร่า,The arrows hit the ground..,ลูกศรได้ปักลงไปยังพื้น,FALSE,
,,ซาร่า,"However, Ravana’s laughter filled the air…",อย่างไรก็ตาม เสียงหัวเราะของกันฐ์ ดังไปทั่วทุกที่,FALSE,
,,ทศกันฐ์,Panic is my perfume.,ความประหม่าเป็นสิ่งที่หอมหวนจวนใจ,FALSE,
,,เออร์มา,"Your birthday’s coming up, right?",วันเกิดของเธอกำลังจะมาถึงแล้วใช่มั้ย,FALSE,
,,ซาร่า,That’s right.,ใช่แล้ว,FALSE,
,,เออร์มา,"I’m so happy for you,",ฉันดีใจแทนเธอจัง,FALSE,
,,เออร์มา, you’re gonna have your own party!,เธอจะมีงานเลี้ยงเป็นของตัวเองด้วย,FALSE,
,,เออร์มา,You’re gonna be just like a princess!,แล้วก็จะเป็นเหมือนเจ้าหญิง,FALSE,
,,ซาร่า,I’ve always dreamt of being a princess!,ฉันฝันว่าจะได้เป็นเจ้าหญิงมาตลอดเลย,FALSE,
,8,ลาวิเนียร์,I want a big piece!,ฉันขอชิ้นใหญ่ที่สุด,FALSE,
,,แอชฟอร์ด,"Hush up, Lavinia.",หยุดเลยลาวิเนียร์,FALSE,
,,แอชฟอร์ด,'Princess'' Sara will give everyone a fair share.,เจ้าหญิงซาร่า จะให้ทุก ๆ คนเท่า ๆ กัน,FALSE,
,,แอชฟอร์ด,"Right, Princess?",ใช่มั้ยเจ้าหญิง,FALSE,
,,ซาร่า,I told her that's what you were.,ฉันบอกเธอแล้วว่า,FALSE,
,,ซาร่า,"Well, not just me.",ไม่ใช่แค่ฉันเท่านั้น,FALSE,
,,ซาร่า,All girls are princesses. ,แต่เด็กสาวทุกคนล้วนเป็นเจ้าหญิงกันทั้งนั้น,FALSE,
,,ซาร่า,"Even you, Lavinia—",แม้แต่เธอลาวิเนียร์ ,FALSE,
,,ซาร่า,Though you might not believe it.,แต่เธออาจจะไม่เชื่อนะ,FALSE,
,,ซาร่า,"Here, Lavinia, you get a big piece.",นี่จ่ะ ลาวิเนียร์เค้กชิ้นใหญ่ของเธอ,FALSE,
,,อมิเลีย,"Yes, may I help you?",สวัสดีค่ะ มีอะไรให้ฉันช่วยมั้ย,FALSE,
,,ทนาย,"I'm Barrow, ",สวัสดีค่ะ ฉันชื่อแบโรว์ ,FALSE,
,,ทนาย,Captain Crewe's attorney.,เป็นทนายความของคุณครูว์,FALSE,
,,อมิเลีย,"Oh, yes, please, do come in.",โอ้ เชิญเข้ามาข้างในก่อนค่ะ,FALSE,
,,อมิเลีย,We're celebrating Sara's birthday.,พวกเรากำลังฉลองงานวันเกิดของซาร่าอยู่เลยค่ะ,FALSE,
,,ทนาย,May I speak to you in private?,พวกเราไปคุยกันในที่ส่วนตัวได้มั้ยคะ,FALSE,
,,อมิเลีย,"Yes, of course! Right this way.",แน่นอนค่ะ มาทางนี้เลย,FALSE,
,,อมิเลีย,May I just say that Sara is quite the favorite around here.,ฉันขอพูดเลยค่ะว่า ที่ตรงนี้เป็นที่โปรดของซาร่าเลย,FALSE,
,,อมิเลีย,We went to great lengths ,เราพยายามอย่างเต็มที่,FALSE,
,,อมิเลีย,to make this a special day for her.,เพื่อให้วันนี้พิเศษสำหรับเธอที่สุด,FALSE,
,,อมิเลีย,I'm afraid Captain Crewe’s check to us,และหวังว่าเช็คที่กัปตันครูว์ที่จะจ่ายให้เรา,FALSE,
,,อมิเลีย,this month will be rather large.,ในเดือนนี้จะมากพอนะคะ,FALSE,
,,ทนาย,"Unfortunately, there will be no check, Miss Amelia.",น่าเสียดาย แต่เดือนนี้จะไม่มีเชคค่ะคุณอมิเลีย,FALSE,
,,ทศกันฐ์,Watch her kingdom shake.,ชีวิตของเธอที่กำลังพังทลายช่างงดงาม,FALSE,
,,พระราม,Steady now—grief needs a rail.,ช้าก่อน ตั้งสติ การอาลัยต้องใช้เวลา,FALSE,
,,มินชิน,Excuse me? The party is over!,ขอโทษนะ แต่ปาร์ตี้นี้จบลงแล้ว,FALSE,
,,มินชิน,"Everyone go to their rooms,",ทุกคนกลับไปที่ห้องของตัวเอง,FALSE,
,,มินชิน,this instant!,เดี๋ยวนี้,FALSE,
,,ดูฟาจน์,"En rang, mesdemoiselles—slowly, please. Let’s go.",เข้าแถวด้วยทุกคน ช้าๆนะ ไปกันเถอะ,FALSE,
,,ซาร่า,"Madame, may I ask what’s happening?",มาดามคะ หนูขอถามได้มั้ยว่าเกิดอะไรขึ้น,FALSE,
,,มินชิน,"Sara, you will stay behind. ",ซาร่าอยู่ฟังฉันก่อนนะ,FALSE,
,,มินชิน, I have something to tell you.,ฉันมีอะไรจะบอกเธอ,FALSE,
,,มินชิน,"Move! Amelia, ",ไปอมิเลีย,FALSE,
,,มินชิน,go to Sara's room and find a simple black dress.,ไปที่ห้องของซาร่าและหาชุดเดรสสีดำมา,FALSE,
,,มินชิน,"If nothing is suitable, borrow one.",หากไม่มีที่ใช้ได้ ไปยืมมาสักตัว,FALSE,
,,อมิเลีย,"But, sister--",แต่พี่ค-,FALSE,
,,มินชิน,Do as I say.,ทำตามที่ฉันสั่ง,FALSE,
,,ซาร่า,"Why would I need a black dress, Minchin?",ทำไมหนูต้องใส่ชุดดำคะคุณมินชิน,FALSE,
,,มินชิน,"I'm afraid I have some bad news, Sara.",ฉันเกรงว่าจะมีข่าวร้ายนะซาร่า,FALSE,
,,มินชิน,Your father– It's been discovered that he has passed.,เราพึ่งได้ข่าวว่าพ่อของเธอจากไปแล้ว,FALSE,
,,มินชิน,He was killed in battle several weeks ago.,เขาถูกสังหารในสงครามหลายสัปดาห์ที่ผ่านมา,FALSE,
,,มินชิน,,,TRUE,
,,ซาร่า,"Papa. Papa, please.",คุณพ่อ ไม่นะ,FALSE,
,,เบคกี้,"Sara, what happened?",ซาร่า เกิดอะไรขึ้น,FALSE,
,,มินชิน, You're to serve the girls without conversation,เธอจะรับใช้เหล่านักเรียนโดยไม่มีบทสนทนาใด ๆ ,FALSE,
,,มินชิน,understand? ,เข้าใจใช่มั้ย,FALSE,
,,มินชิน,Sara will be working here as a servant from now on.,จากนี้ไปซาร่าจะทำงานเป็นสาวใช้ของที่นี่,FALSE,
,,มินชิน,There will be no communication.,จะไม่มีการพูดคุยใดๆกับเธอเกิดขึ้น,FALSE,
,,มินชิน,Is that clear?,เข้าใจมั้ยสาวๆ,FALSE,
,,มาเรีย&โอลิเวีย,"Yes, Madame.",ค่ะ มาดาม,FALSE,
,,แคริสฟอร์ด,Ramdass… look! It’s him!,รามดาส ดูนั่น นั่นเขา,FALSE,
,,แคริสฟอร์ด,"My mate, Captain Crewe! ",เพื่อนของฉัน กัปตันครูว์,FALSE,
,,แคริสฟอร์ด,He’s alive. ,เขายังมีชีวิต,FALSE,
,,แคริสฟอร์ด,Come look! ,มาดูเร็วเข้า,FALSE,
2,9,เบคกี้,I thought you'd be sleeping. ,ฉันนึกว่าเธอจะหลับอยู่,FALSE,
,,เบคกี้,I never got a chance to give you your birthday present. ,ฉันยังไม่มีโอกาสได้ให้ของขวัญกับเธอเลย,FALSE,
,,เบคกี้,"It's a picture of where you used to live, India.",นี่คือรูปถ่ายจากอินเดีย ที่ที่เธอเคยอยู่,FALSE,
,,เบคกี้, See the blue threads?,เห็นเส้นด้ายสีฟ้านั่นไหม,FALSE,
,,เบคกี้," That's the river. And these,",นั่นคือแม่น้ำ และพวกนี้คือ,FALSE,
,,เบคกี้, these are the mountains you always talk about.,ภูเขา ที่เธอชอบพูดถึงบ่อยๆ,FALSE,
,,ซาร่า,"Thank you, Becky. It's beautiful.",มันสวยมากเลยเบคกี้ ขอบใจนะ,FALSE,
,,โอลิเวีย,"Wow, It looks just like how Sara described it!",ว้าว! มันเหมือนกับสิ่งที่ซาร่าเคยพูดเลย,FALSE,
,,มาเรีย,Can you tell us a story about it?,เธอเล่าเรื่องให้พวกเราฟังได้ไหม,FALSE,
,,โอลิเวีย,"Please, just a short one to make us forget the cold",ได้โปรด เรื่องสั้นๆก็ยังดี,FALSE,
,,ซาร่า,"It’s late, we should all get some rest.",มันดึกแล้ว พวกเราควรเข้านอนได้แล้วนะ,FALSE,
,,โอลิเวีย,Then maybe tomorrow? ,งั้น พรุ่งนี้?,FALSE,
,,โอลิเวีย,We’ll be waiting.,พวกเราจะรอนะ,FALSE,
,,ซาร่า,"No, Olivia. Not anymore",คงไม่ได้แล้วหล่ะ โอลิเวีย,FALSE,
,,เบคกี้,Why don't you tell stories anymore?,ทำไมเธอไม่เล่านิทานแล้วหล่ะ,FALSE,
,,ซาร่า,They're just make-believe. ,มันเป็นแค่เรื่องงมงาย,FALSE,
,,ซาร่า,They don't mean anything.,ไม่มีความหมายอะไรหรอก,FALSE,
,,เบคกี้,They've always meant something to me.,มันมีความหมายกับฉันเสมอ,FALSE,
,,เบคกี้,"Some days I thought I'd die, ",บางวัน ฉันก็รู้สึกหมดไฟมากๆ,FALSE,
,,เบคกี้,until I heard you talk about magic.,จนกระทั่งฉันได้ยินเธอพูดถึงเวทมนตร์,FALSE,
,,ซาร่า,"There is no magic, Becky.",ไม่มีเวทมนตร์อะไรหรอกน่ะเบคกี้,FALSE,
,,ทศกันฐ์,Say it louder. Let the heart of hope die.,จงพูดมันให้ดักขึ้นอีก จงบดขยี้ความดวงใจของเธอ,FALSE,
,,สีดา,A candle looks small only in a storm.,แสงเทียนดูริบหรี่ก็ต่อเมื่ออยู่ทางกลางพายุเท่านั้น,FALSE,
,,พระราม,Pain is real. So are choices.,ผลของการกระทำนั้นมีจริง เฉกเช่นทางเลือก,FALSE,
,,ซาร่า,Papa can you hear me? ,พ่อคะ พ่อได้ยินหนูไหม,FALSE,
,,ซาร่า,I'm so scared.,หนูกลัว,FALSE,
,,เบคกี้,Are you still a princess?,เธอยังเป็นเจ้าหญิงอยู่ไหม,FALSE,
,,แอชฟอร์ด,You better get back in line.,เธอต้องกลับเข้าแถวเดี๋ยวนี้,FALSE,
,,แอชฟอร์ด,or you'll both be in trouble,ก่อนที่พวกเธอจะมีปัญหา,FALSE,
,,เบคกี้,Are you?,ใช่หรือไม่?,FALSE,
,,แอชฟอร์ด,"Girls, get in line.",เด็กๆ กลับไปเข้าแถว,FALSE,
,,มินชิน,"Hello peasants, your first task of the day",สวัสดีจ่ะพวกสาวใช้ นี่คืองานแรกในวันนี้,FALSE,
,,ซาร่า,But–,แต่,FALSE,
,,มินชิน,"No buts! Get to scrubbing, NOW!",ไม่มีแต่! เริ่มทำความสะอาดได้แล้ว!,FALSE,
,,แองจี้,That stupid girl finally got what she deserved!,ยัยเด็กโง่นั่นได้เจอกับสิ่งที่เธอสมควรแล้ว,FALSE,
,,ไอร่า,Serves her right!,ทำหน้าที่ของเธอไปซะ!,FALSE,
,,ลาวิเนียร์,Leave it alone.,ปล่อยมันไว้เถอะ,FALSE,
,,แองจี้,But the show’s just getting started!,แต่นี่มันพึ่งเริ่ม!,FALSE,
,,ไอร่า,Can’t we watch for a little longer?,เราอยู่ดูอีกนิดนึงไม่ได้หรอ,FALSE,
,,ลาวิเนียร์,We have better things to do.,เรามีเรื่องที่ดีกว่านี้ให้ทำ,FALSE,
,,แคริสฟอร์ด,I would like to purchase one poppy anemone please.,ผมขอซื้อดอกแอนนีโมนีหนึ่งดอกครับ,FALSE,
,,คนขายดอกไม้,"Oh, what a great choice!",นั่นเป็นตัวเลือกที่ดีมาก,FALSE,
,,คนขายดอกไม้,"It represents loyalty, sincerity, ",มันเป็นตัวแทนแห่งความจริงใจและภักดี,FALSE,
,,คนขายดอกไม้,and the fragility of life.,และความเปราะบางของชีวิต,FALSE,
,,แคริสฟอร์ด,"My, you sure know your flowers,",คุณคงรู้จักดอกไม้อย่างดีมาก,FALSE,
,,แคริสฟอร์ด,makes sense why you’d be the owner of this fine establishment.,ไม่แปลกใจที่คุณเป็นเจ้าของร้านดอกไม้นี้,FALSE,
,,คนขายดอกไม้,"Mhm! In fact, that lady over there",อืมม ความจริงแล้วคุณผู้หญิงตรงนั้น,FALSE,
,,คนขายดอกไม้, just requested the same one!,ก็พึ่งจะสั่งดอกไม้แบบเดียวกัน,FALSE,
,,แคริสฟอร์ด,Is that so?,จริงหรอครับ?,FALSE,
,,คนขายดอกไม้,Yep! I think you two would make quite a cute couple!,ใช่ค่ะ! พวกคุณต้องเป็นคู่ที่น่ารักมากแน่ๆ,FALSE,
,,คนขายดอกไม้,"Oh right, I shouldn’t ship my customers together. ",อ้อ จริงสิ ฉันไม่ควรจับคู่ลูกค้าคู่กันแบบนี้สินะ,FALSE,
,,คนขายดอกไม้,"Anyways, that’ll be 3 pounds.",เอาเถอะใทั้งหมดนี่สามปอนด์ค่ะ,FALSE,
,,คนขายดอกไม้,Have a lovely day!,ขอให้เป็นวันที่ดีนะคะ,FALSE,
,,แคริสฟอร์ด,"Excuse me miss,",ขอโทษนะครับคุณ,FALSE,
,,แคริสฟอร์ด,I couldn’t help but notice your exquisite taste in flora.,ผมอดไม่ได้ที่จะสังเกตว่าคุณมีรสนิยมเรื่องดอกไม้ที่งดงามจริงๆ,FALSE,
,,อมิเลีย,Oh hello.,โอ้ สวัสดีค่ะ,FALSE,
,,อมิเลีย,I’m sorry but I must get going,ฉันขอโทษนะคะ แต่ฉันต้องไปแล้ว,FALSE,
,,อมิเลีย,or my sister will be quite unhappy with me.,ไม่อย่างงั้นพี่สาวฉันจะไม่พอใจอย่างมาก,FALSE,
2,,แคริสฟอร์ด,"Ah that’s a shame, I hope to see you again someday",นั่นน่าเสียดายมาก หวังว่าเราจะได้เจอกันใหม่นะครับ,FALSE,
,10,ซาร่า,"What is it, little mouse?",นี่มันอะไรกัน หนูหรอ,FALSE,
,,ซาร่า,Are you a prisoner too?,นี่เจ้าก็เป็นนักโทษในนี้เหมือนกันหรอ,FALSE,
,,เบคกี้,Is it ever this cold,มันก็หนาวแบบนี้อยู่ตลอดนะ,FALSE,
,,เบคกี้,where you come from?,เธอไปอยู่ที่ไหนมา,FALSE,
,,ซาร่า,It was nothing like this at all.,ไม่ใช่ที่แบบนี้แน่นอน,FALSE,
,,มาเรีย,"Tell us about it, Sara. ",เล่าเรื่องนั้นหน่อยสิซาร่า,FALSE,
,,เบคกี้,Tell us again about India.,เล่าเรื่องอินเดียให้เราฟังอีกรอบนะ,FALSE,
,,โอลิเวีย,"India. Tell us, tell us.",อินเดีย เล่าหน่อย ๆ,FALSE,
,,ซาร่า,Well the air is so hot there,ได้สิ ที่นั่นอากาศร้อนมาก,FALSE,
,,ซาร่า,you can almost taste it.,จนแทบจะลิ้มรสได้เลยแหละ,FALSE,
,,เบคกี้, bet it tastes like coconuts.,พนันเลยว่ามันรสชาติเหมือนมะพร้าว,FALSE,
,,ซาร่า,"It's more like spices, really.",จริง ๆ มันค่อนข้างเผ็ดนะ,FALSE,
,,ซาร่า,Curry and saffron.,แกงและเครื่องเทศ,FALSE,
,,เบคกี้,What else?,อะไรอีก,FALSE,
,,ซาร่า,Tigers sleep under trees,มีเสือนอนอยู่ใต้ต้นไม้,FALSE,
,,ซาร่า,and elephants cool themselves by the lakes.,และช้างก็ลงทะเลสาบให้ตัวเย็น,FALSE,
,,ซาร่า,"The warm wind blows through the fields,",ลมอุ่นๆพัดผ่านต้นหญ้า,FALSE,
,,ซาร่า,"and the spirits ride it,",มีจิตวิญญานล่องลอยไปกับสายลม,FALSE,
,,ซาร่า,singing as they watch over us.,พวกมันร้องเพลงพลางเฝ้ามองพวกเรา,FALSE,
,,ซาร่า,Their voices echo through the mountains...,เสียงนั้นดังก้องระหว่างหุบเขา,FALSE,
,,ซาร่า,and the skies are all different colors,และท้องฟ้าที่มีหลากสี,FALSE,
,,ซาร่า, just like a rainbow,ราวกับสายรุ้ง,FALSE,
,,มินชิน,Why is there dust all over the place? ,ทำไมที่นี่ถึงมีฝุ่นมากขนาดนี้,FALSE,
,,มินชิน,"Becky, you fool! ",เบคกี้เจ้าโง่,FALSE,
,,มินชิน,Get out of my house!,ออกจากบ้านฉันไป,FALSE,
,,มินชิน,And forget about your pay!,และลืมเรื่องเงินเดือนของเธอได้เลย,FALSE,
,,มินชิน,Ungrateful little brat.,เจ้าเด็กไม่รู้บุญคุณ,FALSE,
,,มินชิน,I won't tolerate any imperfections in this house! ,ฉันจะไม่ทนกับความสกปรกนี่อีกแล้ว,FALSE,
,,มินชิน,"There, just look at my boot!",ดูที่บูทของฉันนั่นสิ,FALSE,
,,มินชิน,It's filthy! ,มันสกปรก ,FALSE,
,,มินชิน,Out! Out!,ออกไปเลยนะ ออกไป,FALSE,
,,มินชิน,And take this ridiculous-looking thing,และเอาพวกของไร้สาระนี่,FALSE,
,,มินชิน,with you!,ออกไปกับเธอซะ,FALSE,
,11,ซาร่า,"There’s someone waiting for you at the door, miss",มีคนมาหาคุณค่ะ เขารออยู่ที่หน้าประตู,FALSE,
,,อมิเลีย,Oh really? Give me a moment to check who it is.,โอ้จริงหรอ เดี๋ยวฉันไปดูเอง,FALSE,
,,แคริสฟอร์ด,"Good morning, Amelia, how are you doing?",อรุณสวัสด์คุณอมิเลีย เป็นยังไงบ้างครับ,FALSE,
,,อมิเลีย,"Good morning Mister Cassisford,",สบายดีค่ะคุณแคริสฟอร์ด แล้วคุณหล่ะคะ?,FALSE,
,,แคริสฟอร์ด,"I’m doing fine, how about you?",ฉันสบายดีค่ะ แล้วคุณหล่ะคะ,FALSE,
,,แคริสฟอร์ด,I’m doing quite well myself. ,ผมเองก็สบายดีครับ,FALSE,
,,แคริสฟอร์ด,Oh I’ve brought you this anemone poppy.,โอ้ใช่ ผมซื้อดอกแอนนีโมนีมาฝากคุณครับ,FALSE,
,,แคริสฟอร์ด,"I’m sure the last lot must have wilted by now, 
",แน่ใจเลยว่าช่อก่อนคงเหี่ยวไปแล้วแน่ๆ,FALSE,
,,แคริสฟอร์ด,so this one’s real special.,เพราะฉะนั้นช่อนี้พิเศษหน่อยนะครับ,FALSE,
,,อมิเลีย,"Oh, that’s very thoughtful of you",คุณนี่ช่างใส่ใจจังเลยนะคะ,FALSE,
,,แคริสฟอร์ด,"Well I couldn’t let this delicate flower go,",ผมคงปล่อยดอกไม้ที่แสนงดงามและอ่อนโยนไปไม่ได้,FALSE,
,,แคริสฟอร์ด,it’s simply too beautiful to miss.,มันสวยเกินกว่าที่จะมองข้ามไปได้,FALSE,
,,แคริสฟอร์ด,"Well, I must get going now. ",เอาหล่ะ ฉันต้องไปแล้ว,FALSE,
,,แคริสฟอร์ด,"I hope to meet again soon, ",หวังว่าเราจะได้พบกันเร็วๆนี้นะครับ,FALSE,
,,แคริสฟอร์ด,my fair maiden,คุณคนสวยของผม,FALSE,
,,ซาร่า,"Well, Ms. Amelia, ",คุณอมิเลียคะ,FALSE,
,,ซาร่า,shall we head back inside?,เรากลับเข้าไปข้างในกันดีไหมคะ,FALSE,
,,อมิเลีย,"Yes, we shall.",ดีค่ะ เข้าไปข้างในกันเถอะ,FALSE,
,,มินชิน,Where have you been? ,เธอไปอยู่ไหนมา,FALSE,
,,มินชิน,I've been freezing for half an hour.,ฉันทนหนาวมานานแล้วนะ,FALSE,
,,มินชิน,Hurry up and light a fire. ,เร็วเข้า รีบจุดไฟซะสิ,FALSE,
,,มินชิน,And don't touch anything else with your dirty hands. ,และอย่าจับอะไรด้วยมือสกปรกนั่น,FALSE,
,,มินชิน,"This is no longer your room, ",นี่ไม่ใช่ห้องของเธออีกต่อไป,FALSE,
,,มินชิน,and I won't have you messing it up.,และฉันจะไม่ให้เธอทำมันพัง,FALSE,
,,มินชิน,What is that awful smell? ,นั่นกลิ่นอะไรหน่ะ?,FALSE,
,,มินชิน,When did you last have a bath?,เธออาบน้ำครั้งล่าสุดเมื่อไหร่?,FALSE,
,,ซาร่า,What are you doing? ,คุณทำอะไรอยู่น่ะ,FALSE,
,,ซาร่า,I don't believe this! ,ฉันไม่อยากจะเชื่อเลย!,FALSE,
,,ซาร่า,tous tes cheveux doivent tomber,ผมของคุณจะต้องร่วงหมดหัว,FALSE,
,,มินชิน,What did you just do?,เมื่อกี้คุณทำอะไรหน่ะ,FALSE,
,,ซาร่า,Just a little curse I learned from a witch in India.,ก็แค่คำสาปที่หนูเรียนมาจากแม่มดในอินเดีย,FALSE,
,,สีดา,Mischief is medicine when it harms no one.,การหยอกล้อเมื่อไม่ได้ส่งผลร้ายก็เปรียบเสมือนยา,FALSE,
,,อมิเลีย,Curse?,คำสาป?,FALSE,
,,มินชิน,What kind of curse?,สำสาปแบบไหนงั้นหรอ?,FALSE,
,,ซาร่า,You'll see.,เดี๋ยวคุณก็รู้ค่ะ,FALSE,
,,ซาร่า,But I wouldn't brush my hair as much,แต่หนูจะไม่หวีผมบ่อย,FALSE,
,,ซาร่า,if I were you.,ถ้าหนูเป็นคุณนะคะ,FALSE,
,12,ซาร่า,It's all right.,ไม่เป็นไรนะ,FALSE,
,,ซาร่า,I saved it especially for you.,ฉันเก็บมันไว้เพื่อเธอโดยเฉพาะ,FALSE,
,,ซาร่า,Go on. Take it.,มาเอาสิ,FALSE,
,,เออร์มา,Why don't you like me anymore?,ทำไมเธอถึงไม่ชอบฉันแล้วละ,FALSE,
,,เออร์มา,Did I do something wrong?,ฉันทำอะไรผิดไปหรอ,FALSE,
,,ซาร่า,"No, of course not. ",ไม่อยู่แล้ว,FALSE,
,,ซาร่า,I didn't think you'd want me for a friend...,ฉันคิดว่าเธอไม่อยากเป็นเพื่อนกับฉันแล้ว,FALSE,
,,ซาร่า,now that things are different.,ตอนนี้ทุกอย่างเปลี่ยนไป,FALSE,
,,เออร์มา,I'm sure you could do fine ,ฉันเชื่อว่าเธอจะอยู่ได้,FALSE,
,,เออร์มา,without me for a friend,ถ้าไม่มีฉันเป็นเพื่อน,FALSE,
,,เออร์มา,but I couldn't get along without you.,แต่ฉันอยู่ไม่ได้ถ้าไม่มีเธอ,FALSE,
,,ซาร่า,I'm sorry. ,ขอโทษนะ,FALSE,
,,ซาร่า,I should've known,ฉันน่าจะรู้,FALSE,
,,ซาร่า,you wouldn't treat me like the others do.,ว่าเธอจะไม่ปฏิบัติกับฉันเหมือนคนอื่น,FALSE,
,,เออร์มา,What’s that sound?,เสียงอะไรหน่ะ,FALSE,
,,ซาร่า,"Here, I’ll teach you a secret code",มานี่ เดี๋ยวฉันจะสอนรหัสลับให้นะ,FALSE,
,,ซาร่า,as proof of our friendship!,เพื่อพิสูจน์มิตรภาพของเรา,FALSE,
,,ซาร่า,One knock means ''I'm here.'',เคาะหนึ่งครั้งคือ ฉันอยู่นี่,FALSE,
,,ซาร่า,Two knocks means ''All is well.'',สองครั้งคือ ทุกอย่างโอเค,FALSE,
,,ซาร่า,Three means ''The coast is clear.,สามครั้งคือพื้นที่ปลอดภัย,FALSE,
,,ซาร่า,And The demon Minchin is asleep.'',และปีศาจมินชินนอนแล้ว,FALSE,
,,เออร์มา,It all sounds so adventurous!,นี่ฟังดูเหมือนการผจญภัยเลย,FALSE,
,,ซาร่า,"Look, Becky. ",ดูสินั่นเบคกี้,FALSE,
,,ซาร่า,We have another visitor.,เรามีสมาชิกเพิ่มแล้วหล่ะ,FALSE,
,,เออร์มา,"Hello, Becky.",สวัสดีเบคกี้,FALSE,
,,เออร์มา,"Oh, Sara, I miss your stories so much.",อ่อใช่ ซาร่าฉันคิดถึงเรื่องเล่าของเธอมาก,FALSE,
,,เออร์มา,Won't you tell us,จะไม่เล่าให้เราฟังหรอ,FALSE,
,,เออร์มา,what happened to Rama and the princess?,เกิดอะไรขึ้นต่อกับพระรามและสีดา,FALSE,
,,เพนนี,"Sorry for the intrusion,",ขอโทษที่ขัดนะ,FALSE,
,,เพนนี,we heard the commotion from downstairs.,แต่พวกเราได้ยินจากชั้นล่าง,FALSE,
,,ลิซซี่,May we listen in as well?,ขอพวกเราฟังด้วยได้มั้ย,FALSE,
,,แองจี้,We had to wait until Minchin started snoring.,พวกเราต้องรอจนหว่ามินชินจะกรน,FALSE,
,,ไอร่า,That’s not my fault. ,นั่นไม่ใช่ความผิดฉันนะ ,FALSE,
,,ไอร่า,Someone left it in the hallway!,บางคนวางไว้ตรงทางเดิน,FALSE,
,,แองจี้,We were so lucky she didn’t wake up,โชคดีนะที่เธอไม่ตื่นหน่ะ,FALSE,
,,ไอร่า,"Yeah. If she did,",ใช่ ถ้าเธอตื่นนะ,FALSE,
,,ไอร่า,we’d be stuck listening to her recite,เราต้องนั่งฟังเธอเทศนา,FALSE,
,,ไอร่า,the Rule of Conduct again.,เรื่องกฎต่างอีกแน่,FALSE,
,,ลาวิเนียร์,"Girls, that’s not what we came here for.",สาว ๆ เราไม่ได้มาเพราะเรื่องนี้นะ,FALSE,
,,แองจี้&ไอร่า,Right.,จริงด้วย,FALSE,
,,ลาวิเนียร์,We just wanted to apologize,พวกเราอยากจะขอโทษ,FALSE,
,,ลาวิเนียร์," for all the mean things we’ve done to you, Sara,",สำหรับเรื่องแย่ๆที่เราทำกับเธอซาร่า,FALSE,
,,ลาวิเนียร์,that was not right.,มันเป็นเรื่องที่ไม่สมควรเลย,FALSE,
,,ลาวิเนียร์,Will you please forgive us?,ให้อภัยพวกเราได้มั้ย,FALSE,
,,ซาร่า,"Of course I will, thank you for telling me.",แน่นอน แล้วก็ขอบคุณนะที่เธอบอกฉัน,FALSE,
,,ซาร่า,"Alright, alright. ",เอาหล่ะ ๆ,FALSE,
,,ซาร่า,"Everyone sit close,",ทุกคน เข้ามานั่งใกล้,FALSE,
,,ซาร่า,I’ll tell the story now.,ฉันจะเล่าเรื่องให้ฟัง,FALSE,
,,ซาร่า,The smoke from Ravana's arrows...,ควันที่มาจากศรของทศกัณฐ์,FALSE,
,,ซาร่า,finally began to lift.,ในที่สุดมันก็เริ่มยกขึ้นได้,FALSE,
,,ซาร่า,Rama was found dead on the ground.,พระรามถูกพบว่าเสียชีวิตอยู่ในป่า,FALSE,
,,ลิซซี่,"Oh, no!",ไม่นะ,FALSE,
,,ซาร่า,But then a wonderful thing happened.,แต่ก็มีเรื่องมหัศจรรย์เกิดขึ้น,FALSE,
,,ซาร่า,The gazelle laid down next to Rama,กวางตัวหนึ่งเข้าไปนั่งข้างๆพระราม,FALSE,
,,ซาร่า,giving him life.,และทำให้เขามีชีวิตอีกครั้ง,FALSE,
,,สีดา,Friendship brings forth light.,มิตรภาพนำมาซึ่งแสงสว่างในชีวิต,FALSE,
,,หมอ,He's suffering from amnesia,ตอนนี้เขากำลังสับสนจากอาการสมองเสื่อม,FALSE,
,,หมอ,one of the rare side effects from the blast.,เป็นอีกหนึ่งผลข้างเคียงจากการถูกระเบิด,FALSE,
,,หมอ,His eyes will heal in time.,ดวงตาของเขาจะได้รับการฟื้นฟูโดยเร็ว,FALSE,
,,หมอ,His memory who can say?,ส่วนความทรงจำของเขายังไม่อาจบอกได้,FALSE,
,,แคริสฟอร์ด,"Even without his memories, ",ถึงแม้จะไร้ความทรงจำ,FALSE,
,,แคริสฟอร์ด,he’s still my dear friend.,เขาก็ยังจะเป็นเพื่อนของข้า,FALSE,
,,หมอ,"It’s unlikely but with time,",มันอาจจะเป็นไปได้ยาก,FALSE,
,,หมอ,his memories may return.,แต่เมื่อเวลาผ่านไปความทรงจำเขาจะกลับมา,FALSE,
,,แคริสฟอร์ด,All the hopes.,ข้าหวังว่าจะเป็นเช่นนั้น,FALSE,
,,แคริสฟอร์ด,You must think I'm a fool.,เจ้าจะคิดว่าข้าเป็นบ้าก็ได้,FALSE,
,,รามแดส,"Is it your wish to take him in, sahib?",ท่านต้องการที่จะพาเขาไปด้วยใช่ไหม,FALSE,
,,แคริสฟอร์ด,Yes. We must nurse him back to health.,ใช่ พวกเราจะต้องให้การพยาบาลจนเขากลับมาแข็งแรง,FALSE,
,,พระราม,Listen to the wise:,จงฟังผู้รู้,FALSE,
,,พระราม,evidence may heal what grief has blinded.,หลักฐานนั้นจะเยียวยาสิ่งซึ่งความโลภได้ทำร้าย,FALSE,
,,สีดา,Compassion is a lantern from one house to another.,ความอารีย์นั้นเปรียบเสมือนแสงสว่างที่เราส่งต่อให้แก่เพื่อนมนุษย์,FALSE,
,,ทศกันฐ์,"But beware, it might also be a leash.",แต่จงระวัง มันอาจเป็นดั่งโซ่ตรวนที่จะกักขังเธอ,FALSE,
,,มินชิน,"If the plumber comes,",หากช่างมาแล้ว,FALSE,
,,มินชิน,show him the problem.,ก็บอกปัญหาเขาไปนะ,FALSE,
,,มินชิน,And don't babble with him.,แล้วอย่าพูดพล่ามให้มากความ,FALSE,
,,มินชิน,He's paid by the hour.,เขาคิดค่าใช้จ่ายรายชั่วโมง,FALSE,
,,มินชิน,And correct the French tests by the time I get back.,และดูแลการสอบภาษาฝรั่งเศสก่อนที่ฉันจะกลับมมา,FALSE,
,,อมิเลีย,"Yes, sister.",ค่ะพี่,FALSE,
,,ดูฟาจน์,"Bonjour, Madame Minchin. ",สวัสดีครับ คุณมินิชิน,FALSE,
,,ดูฟาจน์,Au revoir Amelia.,ไว้เจอกัน อมิเลีย,FALSE,
,,แอชฟอร์ด,"Oh, no, not again! Lottie,",โอ้ไม่นะ ลอตตี้,FALSE,
,,แอชฟอร์ด,not again. Let's find the locket.,พอเถอะ เรามาหาจี้กันนะ,FALSE,
,,แอชฟอร์ด,Alright... It's okay.,เอาหล่ะ ไม่เป็นไร,FALSE,
,,แอชฟอร์ด,It's alright.,ทุกอย่างโอเค,FALSE,
,,เพนนี,Come quick! I think Lottie's possessed.,มานี่เร็วฉันคิดว่าลอตตี้ถูกสิง,FALSE,
,,นักเรียน,I got it.,เข้าใจแล้ว,FALSE,
,,มินชิน,Will you please get that child under control?,คุณช่วยควบคุมเด็กคนนั้นได้มั้ย,FALSE,
,,อมิเลีย,Don't worry. Everything's fine.,ไม่ต้องห่วงทุกอย่างจะราบรื่น,FALSE,
,,มินชิน,"I swear, that child has a pact",ฉันเชื่อเลยว่าเด็กนั่นมีพันธะ,FALSE,
,,มินชิน,with Satan to destroy me. ,กับปีศาจ เพื่อมาทำลายฉัน,FALSE,
,,มินชิน,Bring her to the medic room immediately.,พาเธอไปที่ห้องพยาบาลเดี๋ยวนี้,FALSE,
,,ซาร่า,"You like mister Carrisford, don't you?",คุณชอบคุณแคริสฟอร์ดใช่มั้ยคะ,FALSE,
,,อมิเลีย,Of course not. ,ไม่่อยู่แล้วจ่ะ,FALSE,
,,ซาร่า,I think he likes you too.,หนูคิดว่าเขาก็ชอบคุณนะ,FALSE,
,,อมิเลีย,You do? Really?,จริงหรอ เธอคิดแบบนั้นหรอ,FALSE,
,,ซาร่า, I think you should run away and get married.,หนูคิดว่าคุณควรไปจากที่นี่และแต่งงาน,FALSE,
,,ซาร่า,It'd be terribly romantic.,มันคงจะเป็นเรื่องที่โรแมนติกน่าดู,FALSE,
,,อมิเลีย,What an extraordinary thing to say.,รู้สึกพิเศษมากที่ได้พูดแบบนี้,FALSE,
,,อมิเลีย,"Well, anyway,",แต่ยังไงก็เถอะ,FALSE,
,,อมิเลีย,my sister would be furious,พี่สาวของฉันคงจะไม่พอใจ,FALSE,
,,อมิเลีย,if she found out.,ถ้าเธอรู้เข้า,FALSE,
,,ซาร่า,You'd be long gone by then. ,ถึงตอนนั้นคุณคงไปได้ไกลแล้วละค่ะ,FALSE,
,,ซาร่า,Living in some exotic paradise,การใช้ชีวิเหมือนอยู่ในสวรรค์,FALSE,
,,ซาร่า,with that fine gentleman.,กับสุภาพบุรุษที่แสนดี,FALSE,
,,อมิเลีย,I'd better get to the market.,คงจะดีกว่าต้องไปตลาดเป็นไหนๆแน่,FALSE,
,13,ซาร่า,What's going on?,เกิดอะไรขึ้น,FALSE,
,,ลิซซี่,It's a surprise.,เซอร์ไพรส,FALSE,
,,ซาร่า,What are you doing here?,ทำไมเธออยู่ที่นี่,FALSE,
,,ลอตตี้,We brought you something.,พวกเราซื้อบางอย่างให้เธอ,FALSE,
,,นักเรียน,"Princess Sara, ",เจ้าหญิงซาร่า,FALSE,
,,นักเรียน,we present you with something ,พวกเราขอมอบของขวัญบางอย่างให้,FALSE,
,,นักเรียน,"we rescued in a dangerous adventure,",พวกเราได้มาจากการพผจภัยแสนอันตราย,FALSE,
,,นักเรียน,"our very own crusade, risking all our lives.",ที่เดิมพันด้วยชีวิต ในสงครามครูเสดของพวกเรา,FALSE,
,,ลอตตี้,"Yes Sara, we all did this for you.",ใช่ซาร่า พวกเราทำนี่เพื่อเธอเลย,FALSE,
,,ซาร่า,I don't know what to say. ,ฉัันไม่รู้จะพูดยังไง,FALSE,
,,ซาร่า,You are the best friends anyone could ever ask for.,พวกเธอคือเพื่อนที่ดีที่สุดที่จะหาได้เลย,FALSE,
,,เบคกี้,It's all right. ,แน่นอน,FALSE,
,,เบคกี้,"It's just my little monkey friend, Hanuman.",มันคือเพื่อนลิงตัวน้อยของฉัน หนุมาน,FALSE,
,,ลอตตี้,Where did he come from?,มันมาจากที่ไหนหน่ะ,FALSE,
,,ซาร่า,Right next door. ,มาจากบ้านข้างๆ,FALSE,
,,ซาร่า,Look. He likes to visit me.,ดูสิ มันชอบอยู่กับฉันด้วย,FALSE,
,,เออร์มา,"Can you really talk to him, Sara?",เธอคุยกับมันได้จริง ๆ มั้ยซาร่า,FALSE,
,,ซาร่า,"Hanuman, say hello to all my friends.",หนุมาน ทักทายเพื่อนฉันสิ,FALSE,
,,ซาร่า,After Rama came back to life,หลังจากที่พระรามกลับมามีชีวิต,FALSE,
,,ซาร่า,he raced towards the monster's palace,เขาก็มุ่งหน้าไปที่ปราสาทของเจ้ายักษ์,FALSE,
,,ซาร่า,to rescue Sita. ,เพื่อช่วยเหลือสีดา,FALSE,
,,ซาร่า,Suddenly Ravana appeared!,ทันใดนั้นทศกัณฐ์ก็ปรากฎตัวขึ้น,FALSE,
,,เบคกี้,I think we better save the rest for later.,ฉันคิดว่าเก็บที่เหลือไว้เล่าวันหลังดีกว่า,FALSE,
,,มินชิน,What's going on here?,เกิดอะไรขึ้นที่นี่,FALSE,
,,ซาร่า,It's not their fault. ,ไม่ใช่ความผิดของพวกเธอค่ะ,FALSE,
,,ซาร่า,I asked them to come.,หนูชวนพวกเธอมาเอง,FALSE,
,,มินชิน,You four go downstairs. ,เธอสี่คนลงไปข้างล่าง,FALSE,
,,มินชิน,I'll deal with you later.,ฉันจะจัดการพวกเธอทีหลัง,FALSE,
,,มินชิน,Becky,เบคกี้,FALSE,
,,มินชิน,you'll remain locked in your room,เธอจะถูกกักบริเวณอยู่แค่ในห้อง,FALSE,
,,มินชิน,tomorrow without meals.,และไม่มีอาหารแม้แต่มื้อเดียวในวันพรุ่งนี้,FALSE,
,,มินชิน,Go! And you will perform her chores ,ไปซะ และ ทำหน้าที่ของเธอ,FALSE,
,,มินชิน,in addition to your own ,รวมถึงที่ไม่ใช่ของเธอด้วย,FALSE,
,,มินชิน,"without breakfast, lunch or dinner.",โดยไม่มีอาหารเช้า เที่ยงหรือเย็น,FALSE,
,,มินชิน,It's time you learned,ถึงเวลาที่เธอต้องเรียนรู้แล้ว,FALSE,
,,มินชิน,that real life has nothing to do ,ว่าชีวิตจริงเธอไม่สามารถทำอะไร,FALSE,
,,มินชิน,with your fantasy games.,กับเกมแฟนตาซีของเธอได้,FALSE,
,,มินชิน,"It's a cruel, nasty world out there",ข้างนอกนั่นมีทั้งความโหดร้ายแบะน่ารังเกียจ,FALSE,
,,มินชิน,and it's our duty to make the best of it.,มันเป็นหน้าที่ของพวกเราที่ต้องทำมันให้ดีที่สุด,FALSE,
,,มินชิน,"Not to indulge in ridiculous dreams,",ไม่ใช่พร่ำเพ้ออยู่กับฝันที่ไร้สาระ,FALSE,
,,มินชิน,but to be productive and useful,แต่จงทำตัวให้มีประโยชน์,FALSE,
,,มินชิน,Do you understand what I'm saying?,หวังว่าจะเข้าใจที่ฉันพูดไปนะ,FALSE,
,,ทศกันฐ์,Learn fear—obey—shrink.,จงกลัว จงประพฤติ และจงเงียบ,FALSE,
,,สีดา,Or learn wonder—care—grow.,หรือ จงกล้า จงรัก และจงเติบใหญ่,FALSE,
,,พระราม,Choose the lesson.,จงเลือกหนทางเถิด,FALSE,
,,ซาร่า,"Yes, ma'am.	",ค่ะ,FALSE,
,,มินชิน,Good.,ดี,FALSE,
,,ซาร่า,But I don't believe in it.,แต่หนูไม่เชื่อนะคะ,FALSE,
,,สีดา,Yes.,ประเสริฐ,FALSE,
,,พระราม,Hold.,ช้าก่อน,FALSE,
,,ทศกันฐ์,We'll see.,เราจะเห็นดีกัน,FALSE,
,,มินชิน,Don't tell me you still fancy yourself a princess.,อย่าบอกนะว่าเธอยังฝันเฝื่องว่าตัวเองเป็นเจ้าหญิงอยู่,FALSE,
,,มินชิน,"Good God, child, look around you! ",เด็กน้อยมองดูรอบ ๆ ตัวของเธอสิ,FALSE,
,,มินชิน,"Or better yet,",หรือถ้าให้ดี,FALSE,
,,มินชิน,look in the mirror.,มองในกระจก,FALSE,
,,ซาร่า,I am a princess. ,หนูคือเจ้าหญิง,FALSE,
,,ซาร่า,All girls are,เด็กผู้หญิงทุกคนก็ด้วย,FALSE,
,,ซาร่า, Even if they live in tiny old attics. ,ถึงแม้จะอยู่ในที่เล็กคับแคบ,FALSE,
,,ซาร่า,Even if they dress in rags.,ใส่เสื้อผ้าที่ทำจากตาข่าย,FALSE,
,,ซาร่า,Even if they aren't pretty,หรือแม้ว่าพวกเธอจะไม่สวย,FALSE,
,,ซาร่า, or smart or young. ,ไม่ฉลาด หรือไม่อยู่ในวัยเยาว์,FALSE,
,,ซาร่า,They're still princesses.,พวกเธอทุกคนล้วนเป็นเจ้าหญิง,FALSE,
,,ซาร่า,All of us. ,เราทุกคน,FALSE,
,,ซาร่า,Didn't your father ever tell you that? Didn't he?,พ่อของคุณไม่เคยพูดกับคุณแบบนี้หรอ,FALSE,
,,มินชิน,If I find you up here with the girls again... ,ถ้าฉันเจอเธออยู่กับพวกสาวๆบนนี้อีกครั้ง,FALSE,
,,มินชิน,I'll throw you out into the street!,ฉันจะไล่เธอออกไปนอนข้างถนน,FALSE,
,14,เบคกี้,What're we going to do?,พวกเราจะทำยังไงกันดีละ,FALSE,
,,เบคกี้,A whole day with nothing to eat.,อยู่ทั้งวันโดยที่ไม่มีอาหาร,FALSE,
,,ซาร่า,"Don't cry, Becky.",อย่าร้องนะเบคกี้,FALSE,
,,เบคกี้,I'm scared.,ฉันกลัว,FALSE,
,,เบคกี้,"If Minchin throws me out,",ถ้ามินชินไล่ฉันออก,FALSE,
,,เบคกี้,I've got no place to go.,ฉันก็ไม่มีที่ไปแล้วนะ,FALSE,
,,ซาร่า,That's not true.,ไม่จริงซะหน่อย,FALSE,
,,ซาร่า,I've always thought ,ฉันคิดว่าเธอก็เหมือนกับ,FALSE,
,,ซาร่า,of us as sisters.,พี่น้องแท้ ๆ ของฉันเสมอนะ,FALSE,
,,เบคกี้,You have?,จริงหรอ,FALSE,
,,ซาร่า,Let's make a promise,มาสัญญากันเถอะ,FALSE,
,,ซาร่า,to always look out for each other.,ว่าเราจะดูแลกันและกันไปเรื่อยๆ,FALSE,
,,เบคกี้,It's a promise.,สัญญา,FALSE,
,,ซาร่า,"Now, what are we going to do about food?",แล้วตอนนี้เราจะทำยังไงเรื่องอาหารดี,FALSE,
,,เบคกี้,"Starve, I guess.",ฉันว่าเราอดตายแน่นอน,FALSE,
,,ซาร่า,"No, there's only one thing to do.",ไม่ มีอยู่ทางเดียวเท่านั้น,FALSE,
,,ซาร่า,We'll eat a great feast before we go to sleep,เราจะกินเลี้ยงมื้อใหญ่กันก่อนเข้านอน,FALSE,
,,ซาร่า,and that will keep us full tomorrow.,นั่นจะทำให้พวกเราอิ่มได้จนถึงวันพรุ่งนี้,FALSE,
,,เบคกี้,Feast? What feast?,กินเลี้ยง กินเลี้ยงอะไร,FALSE,
,,สีดา,Name the goodness into being.,จงให้ความดีปรากฎกาย,FALSE,
,,พระราม,And share what arrives.,และแบ่งปันเมื่อนางมาถึง,FALSE,
,,ทศกันฐ์,Or hide it—keep it all.,หรือซ่อนนาง เก็นนางหว้ตัวตนเดียว,FALSE,
,,,,,TRUE,
,,ซาร่า,It wasn't me. Go ahead.,มันไม่ใช้ของฉัน เอาเลย,FALSE,
,,เบคกี้,I feel like I've been touched by an angel.,ฉันรู้สึกเหมือนได้สัมผัสกับนางฟ้า,FALSE,
,,ซาร่า,Look! Just what we ordered.,ดูสิ่งที่พวกเราสั่งกันสิ,FALSE,
,,เบคกี้,I'm a little scared about this.,แต่ฉันแอบกลัวนะ,FALSE,
,,ซาร่า,Me too.,ฉันก็ด้วย,FALSE,
,,ซาร่า,Do you think we shouldn't eat it?,งั้นเราไม่ควรกินมันหรอ,FALSE,
,,เบคกี้,I'm not that scared.,ฉันน่าจะไม่ได้กลัวมันขนาดนั้น,FALSE,
,,กัปตันครูว์,Thank you for your kindness.,ขอบคุณสำหรับความใจดีของนายนะ,FALSE,
,,กัปตันครูว์,I'm sorry to inconvenience you.,ขอโทษด้วยที่รบกวน,FALSE,
,,รามแดส,"It is nothing, sahib.",ไม่เป็นไรเลยสหายข้า,FALSE,
,,กัปตันครูว์,That word It sounds so familiar.,คำนั่นฟังดูคุ้น ๆ นะ,FALSE,
,,กัปตันครูว์,yet I don't know what it means.,แต่ข้าก็ไม่รู้ความหมายของมันอยู่ดี,FALSE,
,,รามแดส,"We use it where I am from,",พวกเราใช้ในที่ที่ข้าเคยอยู่หน่ะ,FALSE,
,,รามแดส,in India.,ในอินเดีย,FALSE,
,,รามแดส,Have you ever heard of it?,คุณเคยได้ยินคำนี้มาก่อนมั้ย,FALSE,
,,กัปตันครูว์,"I don’t know,",ข้าไม่รู้,FALSE,
,,กัปตันครูว์,Everything's just a blur.,ทุกอย่างรู้สึกคลุมเคลือไปหมด,FALSE,
,,กัปตันครูว์,Maybe someday I'll sort it out.,สักวันนึงข้าอาจจะแยกแยะพวกมันได้,FALSE,
,,รามแดส,"You will, sahib. You will.",เจ้าจะทำได้ สหายข้า,FALSE,
,,พระราม,Someone helped.,มีคนช่วยเจ้า,FALSE,
,,พระราม,Remember to thank.,อย่าลืมขอบใจท่านด้วย,FALSE,
,15,,,,TRUE,
,,อมิเลีย,Yoo-hoo? One minute.,ขอเวลาครู่นึงได้ไหม,FALSE,
,,มินชิน,"Oh, my God. Where is it? ",พระเจ้า มันอยู่ไหน,FALSE,
,,มินชิน,Where's the locket?,จี้สร้อยคอมันอยู่ที่ไหน,FALSE,
,,มินชิน,Give it to me! ,เอามาให้ฉันนะ,FALSE,
,,ซาร่า,I don't know. ,หนูไม่รู้,FALSE,
,,ซาร่า,I just woke up and it was here.,หนูพึ่งตื่นนอนและมันก็มาอยู่นี่,FALSE,
,,มินชิน,"You stole it, you tried to steal this locket!",เธอพยายามจะโขมยมันมาใช่มั้ย,FALSE,
,,มินชิน,You're nothing but a dirty little thief.,นอกจากจะเป็นเด็กสกปรกแล้วยังเป็นหัวโขมยอีก,FALSE,
,,มินชิน,It's my responsibility ,มันเป็นความรับผิดชอบของฉัน,FALSE,
,,มินชิน,to protect the children from animals like you.,ที่จะต้องปกป้องเด็กๆจากสัตว์ร้ายอย่างเธอ,FALSE,
,,มินชิน,You'll be leaving with the police very shortly! ,เธอจะต้องไปกับตำรวจไม่นานนี้,FALSE,
,,ซาร่า,"No, Madame! I didn't do it.",ไม่นะ หนูไม่ได้ทำ,FALSE,
,,ซาร่า,"Madame, please! Madame Minchin,",คุณมินชิน ได้โปรด,FALSE,
,,ซาร่า,I didn't do it!,หนูไม่ได้ทำนะ,FALSE,
,,ทศกันฐ์,She wants your heart shut in her clasp.,นางอยากให้ดวงใจของเจ้าแตกสลายในมือของนาง,FALSE,
,,พระราม,Keep your center; keep your truth.,ยึดมั่นไว้ซึ่งตัวตนของเจ้าเถิด,FALSE,
,,มินชิน,You heard me.,เธอได้ยินที่ฉันบอกแล้วหนิ,FALSE,
,,มินชิน,I want her picked up immediately!,ฉันอยากให้พวกเรามาเอาเธอไปเร็วที่สุด,FALSE,
,,เออร์มา,Don't worry. ,ไม่ต้องห่วง ,FALSE,
,,เออร์มา,I'm sure they'll believe you.,ฉันมั่นใจว่าพวกเขาจะเชื่อเธอ,FALSE,
,,ซาร่า,I have to get out.,ฉันต้องไปจากที่นี่,FALSE,
,,เบคกี้,But how? My room's locked too.,ยังไงละ ห้องมันล็อคอยู่นะ,FALSE,
,,มาเรีย,"The police, they're here!",ตำรวจมาแล้ว,FALSE,
,,ตำรวจ,We’re here for the call from Madame Minchin,สวัสดีครับพวกเรามาตามคำแจ้งความของคุณนายมินชิน,FALSE,
,,ซาร่า,"Quick, help me with this plank!",เร็วเข้า ช่วยฉันดูแผ่นไม้นี่หน่อย,FALSE,
,,มินชิน,Right this way officer. ,ทางนี้เลยค่ะคุณตำรวจ,FALSE,
,,ตำรวจ,"Yes, madam.",ครับคุณนาย,FALSE,
,,เบคกี้,You'll fall!,เธอจะตกลงไปนะ,FALSE,
,,ซาร่า,I can do it. ,ฉันทำได้ ,FALSE,
,,ซาร่า,I'll come back for you.,ฉันจะกลับมาหาพวกเธอ,FALSE,
,,ซาร่า,I promise.,ฉันสัญญา,FALSE,
,,ทศกันฐ์,Run. The roofs love brave feet.,วิ่งไปเลย เจ้าไม่ตกหรอก,FALSE,
,,พระราม,Check the boards—,จงตรวจดูทางก่อน,FALSE,
,,พระราม,measure the leap.,จงคำนวนระยะทางที่ต้องไป,FALSE,
,,สีดา,Promise to return; ,จงยึดมั่นต่อสัญญา,FALSE,
,,สีดา,keep the sister-bond.,ที่ให้ไว้ต่อเพื่อนสาว,FALSE,
,,อมิเลีย,"Oh my lord, the kids, ",โอ้ไม่ นั่นเด็กๆ,FALSE,
,,อมิเลีย,they are walking on the plank!,พวกเธอเดินอยู่บนแผ่นไม้,FALSE,
,,อมิเลีย,"They’re going to fall,",พวกเธอจะตกลงมานะ,FALSE,
,,อมิเลีย, please get back in here!,กลับมาข้างในเถอะเด็ก ๆ,FALSE,
,,มินชิน,The little beast is running away! ,เจ้าปีศาจนั้นกำลังจะหนี ,FALSE,
,,มินชิน,Get her!!!,ไปจับเธอเร็วเข้า,FALSE,
,,มาเรีย,"We're trying, miss!",พวกเราพยายามอยู่ค่ะ,FALSE,
,,มินชิน,Good God! Don't just stand there! ,พระเจ้า อย่ามัวยืนเฉยกันสิ,FALSE,
,,มินชิน,Go and find her! Take this one while you're at it.,ไปตามหานางแล้วนำตัวมาซะ,FALSE,
,16,รามแดส,I heard you calling for someone,ได้ยินว่าคุณเรียกหาใครบางคน,FALSE,
,,รามแดส,in your sleep last night. ,ตอนที่หลับอยู่เมื่อคืนนี้,FALSE,
,,กัปตันครูว์,"Sometimes when I dream, ",บางครั้งตอนฉันฝัน,FALSE,
,,กัปตันครูว์,I sense a part of me that's missing.,ฉันรู้สึกถึงอะไรบางอย่างที่ดูจะหายไป,FALSE,
,,กัปตันครูว์,"It's strange,",มันแปลกนะ,FALSE,
,,กัปตันครูว์,having your heart remember what your mind can't.,ที่หัวใจสามารถจกจำในสิ่งที่สมองไม่อาจจำได้,FALSE,
,,ตำรวจ,Let us in.,ขอพวกเราเข้าไปหน่อยครับ,FALSE,
,,ตำรวจ,A child from the school next door,เด็กจากโรงเรียนข้างๆ,FALSE,
,,ตำรวจ,is in your house!,อยู่ในบ้านของคุณ,FALSE,
,,แคริสฟอร์ด,What's going on?,เกิดอะไรขึ้น,FALSE,
,,ตำรวจ,"I'm sorry,",ขอโทษครับ,FALSE,
,,ตำรวจ,but there's a child hiding in your house.,แต่มีเด็กคนนึงกำลังหลบอยู่ในบ้านของคุณ,FALSE,
,,แคริสฟอร์ด,What?,อะไรนะ,FALSE,
,,กัปตันครูว์,What is it?,เกิดอะไรขึ้น,FALSE,
,,กัปตันครูว์,Why are you crying?,ทำไมเธอถึงร้องไห้,FALSE,
,,กัปตันครูว์,Please tell me.,บอกฉันมาเถอะ,FALSE,
,,กัปตันครูว์,I won't hurt you.,ฉันไม่ทำร้ายเธอหรอก,FALSE,
,,กัปตันครูว์,Won't you tell me your name?,เธอชื่อว่าอะไร,FALSE,
,,ซาร่า,"Sara, Sara Crewe",ซาร่าค่ะ ซาร่า ครูว์,FALSE,
,,กัปตันครูว์,That's such a pretty name.,เป็นชื่อที่ไพเราะมากเลย,FALSE,
,,ซาร่า,Papa. Papa.,คุณพ่อ คุณพ่อขา,FALSE,
,,สีดา,Call him back with all your breath.,เรียกขวัญพ่อให้กับมาจนสุดใจ,FALSE,
,,พระราม,Memory returns by pathways of love.,เขาจะรำรึกได้ซึ่งเธอ,FALSE,
,,,,,FALSE,
,,มินชิน, Do you know this man?,เธอรู้จักชายคนนี้หรอ,FALSE,
,,มินชิน,Tell them! This child has no father.,บอกพวกเขาสิ เด็กนี่ไม่มีพ่อหรอก,FALSE,
,,มินชิน,Take her away!,เอาเธอไป,FALSE,
,,ซาร่า,Papa!,พ่อคะ,FALSE,
,,แคริสฟอร์ด,I'm so sorry.,ฉันขอโทษนะ,FALSE,
,,กัปตันครูว์,Sara!,ซาร่า,FALSE,
,,ซาร่า,"Papa, don't ever leave me! ",คุณพ่ออย่าทิ้งหนู,FALSE,
,,ซาร่า,I missed you.,หนูคิดถึงพ่อ,FALSE,
,,ซาร่า,I love you.,หนูรักพ่อ,FALSE,
,17,แคริสฟอร์ด,"I’ve sorted out everything with the court,",ข้าจัดการเรื่องทั้งหมดกับศาลแล้ว,FALSE,
,,แคริสฟอร์ด,they’ve released all your property.,พวกเขาจะคืนทรัพย์สินทุกอย่างให้เจ้า,FALSE,
,,แคริสฟอร์ด,"I just came to say goodbye to an old friend,",ข้ามาเพื่อบอกลาเพื่อนเก่าของข้า,FALSE,
,,แคริสฟอร์ด,and I really do hope that we meet again.,และหวังว่าจะได้พบกันอีกนะ,FALSE,
,,กัปตันครูว์,Thank you for everything ,ขอบคุณสำหรับทุกอย่าง,FALSE,
,,กัปตันครูว์,you’ve done for me and my daughter.,ที่นายทำให้ฉันและลูกสาวนะ,FALSE,
,,แคริสฟอร์ด,"Take care, Captain Crewe. ",ดูแลตัวเองนะ กัปตันครูว์,FALSE,
,,แคริสฟอร์ด,And you too. ,และเธอด้วย,FALSE,
,,แคริสฟอร์ด,You must be glad to be going home.,ดีใจจด้วยที่ได้กลับบ้าน,FALSE,
,,ซาร่า,Thank you. ,ขอบคุณค่ะ,FALSE,
,,ซาร่า,I have a surprise for you all. ,ฉันมีเซอร์ไพรสให้ทุกคนด้วยนะ,FALSE,
,,ซาร่า,"Whenever you think of me, tell Emily, ",เมื่อไหร่ที่คิดถึงฉันให้บอกเอมิลี่นะ,FALSE,
,,ซาร่า,and she'll get the message to me.,และเธอจะส่งข้อความนั้นให้ฉัน,FALSE,
,,ซาร่า,"And when you hug her, ",และเมื่อไหร่ที่เธอกอดมัน,FALSE,
,,ซาร่า,you'll really be getting a hug from me.,เธอจะได้รับกอดจากฉันด้วย,FALSE,
,,ลอตตี้,Then we'll hug her every day.,ถ้าอย่างนั้นพวกเราจะกอดเธอทุกวันเลย,FALSE,
,,เออร์มา,That's the first time anyone's hugged Lavinia.,นั่นเป็นครั้งแรกเลยที่มีคนกอดลาวิเนียร์,FALSE,
,,ลาวิเนียร์,"Bye, Sara.",ลาก่อนซาร่า,FALSE,
,,กัปตันครูว์,Come on.,มาเร็ว,FALSE,
,,เบคกี้,"Yeah, ",ค่ะ ,FALSE,
,,เบคกี้,"I'm coming, I'm coming. Get over here.",กำลังไปค่ะ,FALSE,
,,อมิเลีย,"Sister, the court has seized the school.",พี่คะ ศาลตัดสินว่าจะยึดโรงเรียนค่ะ,FALSE,
,,อมิเลีย,We have to leave.,พวกเราต้องออกไป,FALSE,
,,มินชิน,My school,โรงเรียนของฉัน,FALSE,
,,มินชิน,my reputation,ชื่อเสียงของฉัน,FALSE,
,,มินชิน,all gone.,หายไปหมดแล้ว,FALSE,
,,อมิเลีย,"Oh Sara, thank you ",โอ้ซาร่า ขอบคุณนะจ๊ะ,FALSE,
,,อมิเลีย,for encouraging me to follow my heart.,ที่บอกให้ฉันทำตามหัวใจของตัวเอง,FALSE,
,,ซาร่า,"No worries, ",ไม่เป็นไรค่ะ,FALSE,
,,ซาร่า,I’m just returning the favour.,หนูแค่ตอบแทนบุญคุณเท่านั้นเอง,FALSE,
,,ผู้รับเหมา,"I've been looking for you, Minchin.",เราตามหาคุณอยู่นะมินชิน,FALSE,
,,ผู้รับเหมา,Pick up the bucket.,หยิบถังขึ้นมา,FALSE,
,,มินชิน,When do I get my break?,ฉันจะได้พักเมื่อไหร่,FALSE,
,,ผู้รับเหมา,Follow me!,ตามฉันมา,FALSE,
,,มินชิน,"What do you put in here, rocks?",ใส่อะไรไว้ในนี้หน่ะ หินหรอ,FALSE,
,,ซาร่า,"Bye, Ramdass! ",ลาก่อนรามแดส,FALSE,
,,ซาร่า,"Bye, Hanuman!",ลาก่อนหนุมาน,FALSE,
,,ทศกันฐ์,Cheerio!,ทุกอย่างช่างเลิศเลอนัก,FALSE,
,,พระราม,Hold to your beliefs,จงยึดมั่นต่อตนเอง,FALSE,
,,สีดา,Believe in magic.,จงยึดมั่นต่อมนตรา,FALSE,
,,ทศกันฐ์,Perhaps I am only a shadow,ข้าหากเป็นเพียงแต่เงามืด,FALSE,
,,ทศกันฐ์,of what you feed.,ของสิ่งที่เจ้าหวาดกลัว,FALSE,
,,,,,,